position,mute_freq,lo_err,hi_err,A,A_obs,A_lo_err,A_hi_err,C,C_obs,C_lo_err,C_hi_err,G,G_obs,G_lo_err,G_hi_err,T,T_obs,T_lo_err,T_hi_err
41,1.0,0.57735026918962584,1.0,0.0,0,0.0,0.504622638711,0.0,0,0.0,0.504622638711,1.0,1,0.57735026918962584,1.0,0.0,0,0.0,0.504622638711
42,0.0,0.0,0.504622638711,0.0,0,0.0,0.504622638711,0.0,0,0.0,0.504622638711,1.0,1,0.57735026918962584,1.0,0.0,0,0.0,0.504622638711
43,0.0,0.0,0.504622638711,0.0,0,0.0,0.504622638711,0.0,0,0.0,0.504622638711,1.0,1,0.57735026918962584,1.0,0.0,0,0.0,0.504622638711
44,0.0,0.0,0.504622638711,0.0,0,0.0,0.504622638711,0.0,0,0.0,0.504622638711,1.0,1,0.57735026918962584,1.0,0.0,0,0.0,0.504622638711
45,0.0,0.0,0.504622638711,0.0,0,0.0,0.504622638711,0.0,0,0.0,0.504622638711,1.0,1,0.57735026918962584,1.0,0.0,0,0.0,0.504622638711
46,0.0,0.0,0.504622638711,0.0,0,0.0,0.504622638711,0.0,0,0.0,0.504622638711,1.0,1,0.57735026918962584,1.0,0.0,0,0.0,0.504622638711
47,0.0,0.0,0.504622638711,0.0,0,0.0,0.504622638711,0.0,0,0.0,0.504622638711,1.0,1,0.57735026918962584,1.0,0.0,0,0.0,0.504622638711
48,0.0,0.0,0.504622638711,0.0,0,0.0,0.504622638711,0.0,0,0.0,0.504622638711,0.0,0,0.0,0.504622638711,1.0,1,0.57735026918962584,1.0
49,0.0,0.0,0.504622638711,0.0,0,0.0,0.504622638711,1.0,1,0.57735026918962584,1.0,0.0,0,0.0,0.504622638711,0.0,0,0.0,0.504622638711
50,0.0,0.0,0.504622638711,0.0,0,0.0,0.504622638711,1.0,1,0.57735026918962584,1.0,0.0,0,0.0,0.504622638711,0.0,0,0.0,0.504622638711
51,0.0,0.0,0.504622638711,0.0,0,0.0,0.504622638711,1.0,1,0.57735026918962584,1.0,0.0,0,0.0,0.504622638711,0.0,0,0.0,0.504622638711
52,0.0,0.0,0.504622638711,0.0,0,0.0,0.504622638711,0.0,0,0.0,0.504622638711,0.0,0,0.0,0.504622638711,1.0,1,0.57735026918962584,1.0
53,0.0,0.0,0.504622638711,0.0,0,0.0,0.504622638711,0.0,0,0.0,0.504622638711,1.0,1,0.57735026918962584,1.0,0.0,0,0.0,0.504622638711
54,0.0,0.0,0.481701970511,1.0,2,0.69336127435063477,1.0,0.0,0,0.0,0.481701970511,0.0,0,0.0,0.481701970511,0.0,0,0.0,0.481701970511
55,0.5,0.259149014744,0.740850985256,0.0,0,0.0,0.481701970511,0.5,1,0.259149014744,0.740850985256,0.5,1,0.259149014744,0.740850985256,0.0,0,0.0,0.481701970511
56,0.0,0.0,0.481701970511,1.0,2,0.69336127435063477,1.0,0.0,0,0.0,0.481701970511,0.0,0,0.0,0.481701970511,0.0,0,0.0,0.481701970511
57,0.0,0.0,0.481701970511,0.0,0,0.0,0.481701970511,1.0,2,0.69336127435063477,1.0,0.0,0,0.0,0.481701970511,0.0,0,0.0,0.481701970511
58,0.0,0.0,0.481701970511,0.0,0,0.0,0.481701970511,0.0,0,0.0,0.481701970511,0.0,0,0.0,0.481701970511,1.0,2,0.69336127435063477,1.0
59,0.0,0.0,0.481701970511,0.0,0,0.0,0.481701970511,1.0,2,0.69336127435063477,1.0,0.0,0,0.0,0.481701970511,0.0,0,0.0,0.481701970511
60,0.0,0.0,0.481701970511,0.0,0,0.0,0.481701970511,0.0,0,0.0,0.481701970511,0.0,0,0.0,0.481701970511,1.0,2,0.69336127435063477,1.0
61,0.0,0.0,0.420398101924,0.0,0,0.0,0.420398101924,1.0,3,0.75983568565159254,1.0,0.0,0,0.0,0.420398101924,0.0,0,0.0,0.420398101924
62,0.0,0.0,0.420398101924,0.0,0,0.0,0.420398101924,1.0,3,0.75983568565159254,1.0,0.0,0,0.0,0.420398101924,0.0,0,0.0,0.420398101924
63,0.3333333333333333,0.190687242468,0.611085344392,0.3333333333333333,1,0.190687242468,0.611085344392,0.0,0,0.0,0.420398101924,0.0,0,0.0,0.420398101924,0.6666666666666666,2,0.388914655608,0.809312757532
64,0.3333333333333333,0.190687242468,0.611085344392,0.0,0,0.0,0.420398101924,0.3333333333333333,1,0.190687242468,0.611085344392,0.6666666666666666,2,0.388914655608,0.809312757532,0.0,0,0.0,0.420398101924
65,0.3333333333333333,0.190687242468,0.611085344392,0.0,0,0.0,0.420398101924,0.0,0,0.0,0.420398101924,0.3333333333333333,1,0.190687242468,0.611085344392,0.6666666666666666,2,0.388914655608,0.809312757532
66,0.0,0.0,0.420398101924,0.0,0,0.0,0.420398101924,0.0,0,0.0,0.420398101924,1.0,3,0.75983568565159254,1.0,0.0,0,0.0,0.420398101924
67,0.0,0.0,0.420398101924,0.0,0,0.0,0.420398101924,1.0,3,0.75983568565159254,1.0,0.0,0,0.0,0.420398101924,0.0,0,0.0,0.420398101924
68,0.3333333333333333,0.190687242468,0.611085344392,0.6666666666666666,2,0.388914655608,0.809312757532,0.3333333333333333,1,0.190687242468,0.611085344392,0.0,0,0.0,0.420398101924,0.0,0,0.0,0.420398101924
69,0.3333333333333333,0.190687242468,0.611085344392,0.0,0,0.0,0.420398101924,0.3333333333333333,1,0.190687242468,0.611085344392,0.6666666666666666,2,0.388914655608,0.809312757532,0.0,0,0.0,0.420398101924
70,0.0,0.0,0.420398101924,0.0,0,0.0,0.420398101924,1.0,3,0.75983568565159254,1.0,0.0,0,0.0,0.420398101924,0.0,0,0.0,0.420398101924
71,0.3333333333333333,0.190687242468,0.611085344392,0.3333333333333333,1,0.190687242468,0.611085344392,0.6666666666666666,2,0.388914655608,0.809312757532,0.0,0,0.0,0.420398101924,0.0,0,0.0,0.420398101924
72,0.3333333333333333,0.190687242468,0.611085344392,0.0,0,0.0,0.420398101924,0.3333333333333333,1,0.190687242468,0.611085344392,0.0,0,0.0,0.420398101924,0.6666666666666666,2,0.388914655608,0.809312757532
73,0.3333333333333333,0.190687242468,0.611085344392,0.0,0,0.0,0.420398101924,0.6666666666666666,2,0.388914655608,0.809312757532,0.3333333333333333,1,0.190687242468,0.611085344392,0.0,0,0.0,0.420398101924
74,0.3333333333333333,0.190687242468,0.611085344392,0.3333333333333333,1,0.190687242468,0.611085344392,0.0,0,0.0,0.420398101924,0.0,0,0.0,0.420398101924,0.6666666666666666,2,0.388914655608,0.809312757532
75,0.0,0.0,0.420398101924,0.0,0,0.0,0.420398101924,0.0,0,0.0,0.420398101924,1.0,3,0.75983568565159254,1.0,0.0,0,0.0,0.420398101924
76,0.3333333333333333,0.190687242468,0.611085344392,0.3333333333333333,1,0.190687242468,0.611085344392,0.0,0,0.0,0.420398101924,0.6666666666666666,2,0.388914655608,0.809312757532,0.0,0,0.0,0.420398101924
77,0.3333333333333333,0.190687242468,0.611085344392,0.6666666666666666,2,0.388914655608,0.809312757532,0.0,0,0.0,0.420398101924,0.0,0,0.0,0.420398101924,0.3333333333333333,1,0.190687242468,0.611085344392
78,0.3333333333333333,0.190687242468,0.611085344392,0.0,0,0.0,0.420398101924,0.3333333333333333,1,0.190687242468,0.611085344392,0.0,0,0.0,0.420398101924,0.6666666666666666,2,0.388914655608,0.809312757532
79,0.3333333333333333,0.190687242468,0.611085344392,0.0,0,0.0,0.420398101924,0.0,0,0.0,0.420398101924,0.3333333333333333,1,0.190687242468,0.611085344392,0.6666666666666666,2,0.388914655608,0.809312757532
80,0.3333333333333333,0.190687242468,0.611085344392,0.0,0,0.0,0.420398101924,0.6666666666666666,2,0.388914655608,0.809312757532,0.0,0,0.0,0.420398101924,0.3333333333333333,1,0.190687242468,0.611085344392
81,0.6666666666666666,0.388914655608,0.809312757532,0.3333333333333333,1,0.190687242468,0.611085344392,0.0,0,0.0,0.420398101924,0.6666666666666666,2,0.388914655608,0.809312757532,0.0,0,0.0,0.420398101924
82,0.6666666666666666,0.388914655608,0.809312757532,0.0,0,0.0,0.420398101924,0.3333333333333333,1,0.190687242468,0.611085344392,0.3333333333333333,1,0.190687242468,0.611085344392,0.3333333333333333,1,0.190687242468,0.611085344392
83,0.3333333333333333,0.190687242468,0.611085344392,0.0,0,0.0,0.420398101924,0.6666666666666666,2,0.388914655608,0.809312757532,0.0,0,0.0,0.420398101924,0.3333333333333333,1,0.190687242468,0.611085344392
84,0.3333333333333333,0.190687242468,0.611085344392,0.3333333333333333,1,0.190687242468,0.611085344392,0.0,0,0.0,0.420398101924,0.0,0,0.0,0.420398101924,0.6666666666666666,2,0.388914655608,0.809312757532
85,0.3333333333333333,0.190687242468,0.611085344392,0.0,0,0.0,0.420398101924,0.3333333333333333,1,0.190687242468,0.611085344392,0.0,0,0.0,0.420398101924,0.6666666666666666,2,0.388914655608,0.809312757532
86,0.0,0.0,0.420398101924,0.0,0,0.0,0.420398101924,1.0,3,0.75983568565159254,1.0,0.0,0,0.0,0.420398101924,0.0,0,0.0,0.420398101924
87,0.0,0.0,0.420398101924,1.0,3,0.75983568565159254,1.0,0.0,0,0.0,0.420398101924,0.0,0,0.0,0.420398101924,0.0,0,0.0,0.420398101924
88,0.3333333333333333,0.190687242468,0.611085344392,0.0,0,0.0,0.420398101924,0.3333333333333333,1,0.190687242468,0.611085344392,0.6666666666666666,2,0.388914655608,0.809312757532,0.0,0,0.0,0.420398101924
89,0.0,0.0,0.420398101924,0.0,0,0.0,0.420398101924,0.0,0,0.0,0.420398101924,0.0,0,0.0,0.420398101924,1.0,3,0.75983568565159254,1.0
90,0.0,0.0,0.420398101924,1.0,3,0.75983568565159254,1.0,0.0,0,0.0,0.420398101924,0.0,0,0.0,0.420398101924,0.0,0,0.0,0.420398101924
91,0.6666666666666666,0.388914655608,0.809312757532,0.0,0,0.0,0.420398101924,0.6666666666666666,2,0.388914655608,0.809312757532,0.3333333333333333,1,0.190687242468,0.611085344392,0.0,0,0.0,0.420398101924
92,0.3333333333333333,0.190687242468,0.611085344392,0.0,0,0.0,0.420398101924,0.6666666666666666,2,0.388914655608,0.809312757532,0.0,0,0.0,0.420398101924,0.3333333333333333,1,0.190687242468,0.611085344392
93,0.0,0.0,0.420398101924,0.0,0,0.0,0.420398101924,0.0,0,0.0,0.420398101924,0.0,0,0.0,0.420398101924,1.0,3,0.75983568565159254,1.0
94,0.0,0.0,0.420398101924,1.0,3,0.75983568565159254,1.0,0.0,0,0.0,0.420398101924,0.0,0,0.0,0.420398101924,0.0,0,0.0,0.420398101924
95,0.6666666666666666,0.388914655608,0.809312757532,0.0,0,0.0,0.420398101924,0.6666666666666666,2,0.388914655608,0.809312757532,0.0,0,0.0,0.420398101924,0.3333333333333333,1,0.190687242468,0.611085344392
96,0.3333333333333333,0.190687242468,0.611085344392,0.6666666666666666,2,0.388914655608,0.809312757532,0.3333333333333333,1,0.190687242468,0.611085344392,0.0,0,0.0,0.420398101924,0.0,0,0.0,0.420398101924
97,0.3333333333333333,0.190687242468,0.611085344392,0.3333333333333333,1,0.190687242468,0.611085344392,0.0,0,0.0,0.420398101924,0.6666666666666666,2,0.388914655608,0.809312757532,0.0,0,0.0,0.420398101924
98,0.3333333333333333,0.190687242468,0.611085344392,0.0,0,0.0,0.420398101924,0.6666666666666666,2,0.388914655608,0.809312757532,0.0,0,0.0,0.420398101924,0.3333333333333333,1,0.190687242468,0.611085344392
99,0.3333333333333333,0.190687242468,0.611085344392,0.6666666666666666,2,0.388914655608,0.809312757532,0.3333333333333333,1,0.190687242468,0.611085344392,0.0,0,0.0,0.420398101924,0.0,0,0.0,0.420398101924
100,0.3333333333333333,0.190687242468,0.611085344392,0.0,0,0.0,0.420398101924,0.0,0,0.0,0.420398101924,0.3333333333333333,1,0.190687242468,0.611085344392,0.6666666666666666,2,0.388914655608,0.809312757532
101,0.3333333333333333,0.190687242468,0.611085344392,0.0,0,0.0,0.420398101924,0.3333333333333333,1,0.190687242468,0.611085344392,0.6666666666666666,2,0.388914655608,0.809312757532,0.0,0,0.0,0.420398101924
102,0.0,0.0,0.420398101924,1.0,3,0.75983568565159254,1.0,0.0,0,0.0,0.420398101924,0.0,0,0.0,0.420398101924,0.0,0,0.0,0.420398101924
103,0.0,0.0,0.420398101924,1.0,3,0.75983568565159254,1.0,0.0,0,0.0,0.420398101924,0.0,0,0.0,0.420398101924,0.0,0,0.0,0.420398101924
104,0.0,0.0,0.420398101924,0.0,0,0.0,0.420398101924,1.0,3,0.75983568565159254,1.0,0.0,0,0.0,0.420398101924,0.0,0,0.0,0.420398101924
105,0.0,0.0,0.420398101924,0.0,0,0.0,0.420398101924,0.0,0,0.0,0.420398101924,0.0,0,0.0,0.420398101924,1.0,3,0.75983568565159254,1.0
106,0.0,0.0,0.420398101924,0.0,0,0.0,0.420398101924,0.0,0,0.0,0.420398101924,1.0,3,0.75983568565159254,1.0,0.0,0,0.0,0.420398101924
107,0.0,0.0,0.420398101924,0.0,0,0.0,0.420398101924,0.0,0,0.0,0.420398101924,1.0,3,0.75983568565159254,1.0,0.0,0,0.0,0.420398101924
108,0.3333333333333333,0.190687242468,0.611085344392,0.0,0,0.0,0.420398101924,0.3333333333333333,1,0.190687242468,0.611085344392,0.6666666666666666,2,0.388914655608,0.809312757532,0.0,0,0.0,0.420398101924
109,0.3333333333333333,0.190687242468,0.611085344392,0.3333333333333333,1,0.190687242468,0.611085344392,0.0,0,0.0,0.420398101924,0.0,0,0.0,0.420398101924,0.6666666666666666,2,0.388914655608,0.809312757532
110,0.0,0.0,0.420398101924,0.0,0,0.0,0.420398101924,1.0,3,0.75983568565159254,1.0,0.0,0,0.0,0.420398101924,0.0,0,0.0,0.420398101924
111,0.0,0.0,0.420398101924,0.0,0,0.0,0.420398101924,1.0,3,0.75983568565159254,1.0,0.0,0,0.0,0.420398101924,0.0,0,0.0,0.420398101924
112,0.3333333333333333,0.190687242468,0.611085344392,0.3333333333333333,1,0.190687242468,0.611085344392,0.0,0,0.0,0.420398101924,0.6666666666666666,2,0.388914655608,0.809312757532,0.0,0,0.0,0.420398101924
113,0.0,0.0,0.420398101924,0.0,0,0.0,0.420398101924,1.0,3,0.75983568565159254,1.0,0.0,0,0.0,0.420398101924,0.0,0,0.0,0.420398101924
114,0.3333333333333333,0.190687242468,0.611085344392,0.0,0,0.0,0.420398101924,0.6666666666666666,2,0.388914655608,0.809312757532,0.0,0,0.0,0.420398101924,0.3333333333333333,1,0.190687242468,0.611085344392
115,0.0,0.0,0.420398101924,1.0,3,0.75983568565159254,1.0,0.0,0,0.0,0.420398101924,0.0,0,0.0,0.420398101924,0.0,0,0.0,0.420398101924
116,0.3333333333333333,0.190687242468,0.611085344392,0.0,0,0.0,0.420398101924,0.3333333333333333,1,0.190687242468,0.611085344392,0.6666666666666666,2,0.388914655608,0.809312757532,0.0,0,0.0,0.420398101924
117,0.3333333333333333,0.190687242468,0.611085344392,0.3333333333333333,1,0.190687242468,0.611085344392,0.0,0,0.0,0.420398101924,0.6666666666666666,2,0.388914655608,0.809312757532,0.0,0,0.0,0.420398101924
118,0.3333333333333333,0.190687242468,0.611085344392,0.0,0,0.0,0.420398101924,0.6666666666666666,2,0.388914655608,0.809312757532,0.3333333333333333,1,0.190687242468,0.611085344392,0.0,0,0.0,0.420398101924
119,0.0,0.0,0.420398101924,0.0,0,0.0,0.420398101924,0.0,0,0.0,0.420398101924,0.0,0,0.0,0.420398101924,1.0,3,0.75983568565159254,1.0
120,0.0,0.0,0.420398101924,0.0,0,0.0,0.420398101924,1.0,3,0.75983568565159254,1.0,0.0,0,0.0,0.420398101924,0.0,0,0.0,0.420398101924
121,0.3333333333333333,0.190687242468,0.611085344392,0.3333333333333333,1,0.190687242468,0.611085344392,0.6666666666666666,2,0.388914655608,0.809312757532,0.0,0,0.0,0.420398101924,0.0,0,0.0,0.420398101924
122,0.3333333333333333,0.190687242468,0.611085344392,0.6666666666666666,2,0.388914655608,0.809312757532,0.0,0,0.0,0.420398101924,0.0,0,0.0,0.420398101924,0.3333333333333333,1,0.190687242468,0.611085344392
123,0.3333333333333333,0.190687242468,0.611085344392,0.0,0,0.0,0.420398101924,0.3333333333333333,1,0.190687242468,0.611085344392,0.6666666666666666,2,0.388914655608,0.809312757532,0.0,0,0.0,0.420398101924
124,0.3333333333333333,0.190687242468,0.611085344392,0.0,0,0.0,0.420398101924,0.0,0,0.0,0.420398101924,0.6666666666666666,2,0.388914655608,0.809312757532,0.3333333333333333,1,0.190687242468,0.611085344392
125,0.3333333333333333,0.190687242468,0.611085344392,0.0,0,0.0,0.420398101924,0.0,0,0.0,0.420398101924,0.6666666666666666,2,0.388914655608,0.809312757532,0.3333333333333333,1,0.190687242468,0.611085344392
126,0.3333333333333333,0.190687242468,0.611085344392,0.6666666666666666,2,0.388914655608,0.809312757532,0.0,0,0.0,0.420398101924,0.0,0,0.0,0.420398101924,0.3333333333333333,1,0.190687242468,0.611085344392
127,0.3333333333333333,0.190687242468,0.611085344392,0.6666666666666666,2,0.388914655608,0.809312757532,0.0,0,0.0,0.420398101924,0.3333333333333333,1,0.190687242468,0.611085344392,0.0,0,0.0,0.420398101924
128,0.0,0.0,0.420398101924,0.0,0,0.0,0.420398101924,0.0,0,0.0,0.420398101924,1.0,3,0.75983568565159254,1.0,0.0,0,0.0,0.420398101924
129,0.3333333333333333,0.190687242468,0.611085344392,0.0,0,0.0,0.420398101924,0.0,0,0.0,0.420398101924,0.6666666666666666,2,0.388914655608,0.809312757532,0.3333333333333333,1,0.190687242468,0.611085344392
130,0.3333333333333333,0.190687242468,0.611085344392,0.3333333333333333,1,0.190687242468,0.611085344392,0.0,0,0.0,0.420398101924,0.6666666666666666,2,0.388914655608,0.809312757532,0.0,0,0.0,0.420398101924
131,0.3333333333333333,0.190687242468,0.611085344392,0.0,0,0.0,0.420398101924,0.3333333333333333,1,0.190687242468,0.611085344392,0.6666666666666666,2,0.388914655608,0.809312757532,0.0,0,0.0,0.420398101924
132,0.3333333333333333,0.190687242468,0.611085344392,0.3333333333333333,1,0.190687242468,0.611085344392,0.6666666666666666,2,0.388914655608,0.809312757532,0.0,0,0.0,0.420398101924,0.0,0,0.0,0.420398101924
133,0.3333333333333333,0.190687242468,0.611085344392,0.0,0,0.0,0.420398101924,0.0,0,0.0,0.420398101924,0.3333333333333333,1,0.190687242468,0.611085344392,0.6666666666666666,2,0.388914655608,0.809312757532
134,0.3333333333333333,0.190687242468,0.611085344392,0.0,0,0.0,0.420398101924,0.0,0,0.0,0.420398101924,0.6666666666666666,2,0.388914655608,0.809312757532,0.3333333333333333,1,0.190687242468,0.611085344392
135,0.3333333333333333,0.190687242468,0.611085344392,0.3333333333333333,1,0.190687242468,0.611085344392,0.0,0,0.0,0.420398101924,0.6666666666666666,2,0.388914655608,0.809312757532,0.0,0,0.0,0.420398101924
136,0.0,0.0,0.420398101924,1.0,3,0.75983568565159254,1.0,0.0,0,0.0,0.420398101924,0.0,0,0.0,0.420398101924,0.0,0,0.0,0.420398101924
137,0.3333333333333333,0.190687242468,0.611085344392,0.3333333333333333,1,0.190687242468,0.611085344392,0.0,0,0.0,0.420398101924,0.6666666666666666,2,0.388914655608,0.809312757532,0.0,0,0.0,0.420398101924
138,0.3333333333333333,0.190687242468,0.611085344392,0.0,0,0.0,0.420398101924,0.3333333333333333,1,0.190687242468,0.611085344392,0.0,0,0.0,0.420398101924,0.6666666666666666,2,0.388914655608,0.809312757532
139,0.3333333333333333,0.190687242468,0.611085344392,0.0,0,0.0,0.420398101924,0.0,0,0.0,0.420398101924,0.6666666666666666,2,0.388914655608,0.809312757532,0.3333333333333333,1,0.190687242468,0.611085344392
140,0.0,0.0,0.420398101924,0.0,0,0.0,0.420398101924,0.0,0,0.0,0.420398101924,1.0,3,0.75983568565159254,1.0,0.0,0,0.0,0.420398101924
141,0.3333333333333333,0.190687242468,0.611085344392,0.0,0,0.0,0.420398101924,0.0,0,0.0,0.420398101924,0.6666666666666666,2,0.388914655608,0.809312757532,0.3333333333333333,1,0.190687242468,0.611085344392
142,0.3333333333333333,0.190687242468,0.611085344392,0.0,0,0.0,0.420398101924,0.0,0,0.0,0.420398101924,0.3333333333333333,1,0.190687242468,0.611085344392,0.6666666666666666,2,0.388914655608,0.809312757532
143,0.0,0.0,0.420398101924,0.0,0,0.0,0.420398101924,0.0,0,0.0,0.420398101924,0.0,0,0.0,0.420398101924,1.0,3,0.75983568565159254,1.0
144,0.3333333333333333,0.190687242468,0.611085344392,0.0,0,0.0,0.420398101924,0.3333333333333333,1,0.190687242468,0.611085344392,0.0,0,0.0,0.420398101924,0.6666666666666666,2,0.388914655608,0.809312757532
145,0.0,0.0,0.420398101924,0.0,0,0.0,0.420398101924,1.0,3,0.75983568565159254,1.0,0.0,0,0.0,0.420398101924,0.0,0,0.0,0.420398101924
146,0.0,0.0,0.322441525154,1.0,5,0.83268317765560429,1.0,0.0,0,0.0,0.322441525154,0.0,0,0.0,0.322441525154,0.0,0,0.0,0.322441525154
147,0.14285714285714285,0.093118673237,0.351673214562,0.0,0,0.0,0.258554541325,0.14285714285714285,1,0.093118673237,0.351673214562,0.0,0,0.0,0.258554541325,0.8571428571428571,6,0.648326785438,0.906881326763
148,0.125,0.082581398133,0.317494100505,0.875,7,0.682505899495,0.917418601867,0.0,0,0.0,0.234912702372,0.125,1,0.082581398133,0.317494100505,0.0,0,0.0,0.234912702372
149,0.125,0.082581398133,0.317494100505,0.0,0,0.0,0.234912702372,0.875,7,0.682505899495,0.917418601867,0.125,1,0.082581398133,0.317494100505,0.0,0,0.0,0.234912702372
150,0.4444444444444444,0.309294846066,0.599744203736,0.5555555555555556,5,0.400255796264,0.690705153934,0.0,0,0.0,0.215128129105,0.3333333333333333,3,0.223922738922,0.503205425755,0.1111111111111111,1,0.07418924708,0.289317376185
151,0.0,0.0,0.215128129105,0.0,0,0.0,0.215128129105,0.0,0,0.0,0.215128129105,0.0,0,0.0,0.215128129105,1.0,9,0.89595845984076217,1.0
152,0.2222222222222222,0.144872245112,0.400386925868,0.1111111111111111,1,0.07418924708,0.289317376185,0.1111111111111111,1,0.07418924708,0.289317376185,0.0,0,0.0,0.215128129105,0.7777777777777778,7,0.599613074132,0.855127754888
153,0.1111111111111111,0.07418924708,0.289317376185,0.8888888888888888,8,0.710682623815,0.92581075292,0.0,0,0.0,0.215128129105,0.0,0,0.0,0.215128129105,0.1111111111111111,1,0.07418924708,0.289317376185
154,0.1111111111111111,0.07418924708,0.289317376185,0.0,0,0.0,0.215128129105,0.1111111111111111,1,0.07418924708,0.289317376185,0.8888888888888888,8,0.710682623815,0.92581075292,0.0,0,0.0,0.215128129105
155,0.4444444444444444,0.309294846066,0.599744203736,0.0,0,0.0,0.215128129105,0.4444444444444444,4,0.309294846066,0.599744203736,0.0,0,0.0,0.215128129105,0.5555555555555556,5,0.400255796264,0.690705153934
156,0.3333333333333333,0.223922738922,0.503205425755,0.6666666666666666,6,0.496794574245,0.776077261078,0.0,0,0.0,0.215128129105,0.3333333333333333,3,0.223922738922,0.503205425755,0.0,0,0.0,0.215128129105
157,0.3333333333333333,0.223922738922,0.503205425755,0.3333333333333333,3,0.223922738922,0.503205425755,0.0,0,0.0,0.215128129105,0.6666666666666666,6,0.496794574245,0.776077261078,0.0,0,0.0,0.215128129105
158,0.8888888888888888,0.710682623815,0.92581075292,0.3333333333333333,3,0.223922738922,0.503205425755,0.0,0,0.0,0.215128129105,0.5555555555555556,5,0.400255796264,0.690705153934,0.1111111111111111,1,0.07418924708,0.289317376185
159,0.1111111111111111,0.07418924708,0.289317376185,0.8888888888888888,8,0.710682623815,0.92581075292,0.1111111111111111,1,0.07418924708,0.289317376185,0.0,0,0.0,0.215128129105,0.0,0,0.0,0.215128129105
160,0.5555555555555556,0.400255796264,0.690705153934,0.0,0,0.0,0.215128129105,0.4444444444444444,4,0.309294846066,0.599744203736,0.4444444444444444,4,0.309294846066,0.599744203736,0.1111111111111111,1,0.07418924708,0.289317376185
161,0.1,0.067347044926,0.265702431389,0.0,0,0.0,0.198355386463,0.0,0,0.0,0.198355386463,0.1,1,0.067347044926,0.265702431389,0.9,9,0.734297568611,0.932652955074
162,1.0,0.91251475476049393,1.0,0.0,0,0.0,0.183970231421,0.0,0,0.0,0.183970231421,1.0,11,0.91251475476049393,1.0,0.0,0,0.0,0.183970231421
163,0.09090909090909091,0.061661345437,0.245631576857,0.0,0,0.0,0.183970231421,0.0,0,0.0,0.183970231421,0.9090909090909091,10,0.754368423143,0.938338654563,0.09090909090909091,1,0.061661345437,0.245631576857
164,0.5454545454545454,0.40471392953,0.672281651816,0.45454545454545453,5,0.327718348184,0.59528607047,0.09090909090909091,1,0.061661345437,0.245631576857,0.0,0,0.0,0.183970231421,0.45454545454545453,5,0.327718348184,0.59528607047
165,0.07692307692307693,0.052755513126,0.213360820366,0.9230769230769231,12,0.786639179634,0.947244486874,0.0,0,0.0,0.16060530724,0.0,0,0.0,0.16060530724,0.07692307692307693,1,0.052755513126,0.213360820366
166,0.46153846153846156,0.341974903764,0.591284857078,0.38461538461538464,5,0.277696377006,0.522085202664,0.0,0,0.0,0.16060530724,0.5384615384615384,7,0.408715142922,0.658025096236,0.07692307692307693,1,0.052755513126,0.213360820366
167,0.07692307692307693,0.052755513126,0.213360820366,0.0,0,0.0,0.16060530724,0.07692307692307693,1,0.052755513126,0.213360820366,0.0,0,0.0,0.16060530724,0.9230769230769231,12,0.786639179634,0.947244486874
168,0.07692307692307693,0.052755513126,0.213360820366,0.9230769230769231,12,0.786639179634,0.947244486874,0.0,0,0.0,0.16060530724,0.0,0,0.0,0.16060530724,0.07692307692307693,1,0.052755513126,0.213360820366
169,0.07692307692307693,0.052755513126,0.213360820366,0.0,0,0.0,0.16060530724,0.9230769230769231,12,0.786639179634,0.947244486874,0.07692307692307693,1,0.052755513126,0.213360820366,0.0,0,0.0,0.16060530724
170,0.0,0.0,0.16060530724,0.0,0,0.0,0.16060530724,1.0,13,0.92452766313785995,1.0,0.0,0,0.0,0.16060530724,0.0,0,0.0,0.16060530724
171,0.0,0.0,0.16060530724,1.0,13,0.92452766313785995,1.0,0.0,0,0.0,0.16060530724,0.0,0,0.0,0.16060530724,0.0,0,0.0,0.16060530724
172,0.14285714285714285,0.095415222322,0.278979191629,0.0,0,0.0,0.150996232908,0.07142857142857142,1,0.049202823059,0.200199055967,0.07142857142857142,1,0.049202823059,0.200199055967,0.8571428571428571,12,0.721020808371,0.904584777678
173,0.21428571428571427,0.146493146319,0.352980485071,0.7857142857142857,11,0.647019514929,0.853506853681,0.07142857142857142,1,0.049202823059,0.200199055967,0.14285714285714285,2,0.095415222322,0.278979191629,0.0,0,0.0,0.150996232908
174,0.5,0.379008815496,0.620991184504,0.5,7,0.379008815496,0.620991184504,0.0,0,0.0,0.150996232908,0.0,0,0.0,0.150996232908,0.5,7,0.379008815496,0.620991184504
175,0.0,0.0,0.150996232908,1.0,14,0.92937699120961059,1.0,0.0,0,0.0,0.150996232908,0.0,0,0.0,0.150996232908,0.0,0,0.0,0.150996232908
176,0.07142857142857142,0.049202823059,0.200199055967,0.0,0,0.0,0.150996232908,0.9285714285714286,13,0.799800944033,0.950797176941,0.0,0,0.0,0.150996232908,0.07142857142857142,1,0.049202823059,0.200199055967
177,0.07142857142857142,0.049202823059,0.200199055967,0.07142857142857142,1,0.049202823059,0.200199055967,0.0,0,0.0,0.150996232908,0.0,0,0.0,0.150996232908,0.9285714285714286,13,0.799800944033,0.950797176941
178,0.07142857142857142,0.049202823059,0.200199055967,0.9285714285714286,13,0.799800944033,0.950797176941,0.0,0,0.0,0.150996232908,0.07142857142857142,1,0.049202823059,0.200199055967,0.0,0,0.0,0.150996232908
179,0.0,0.0,0.150996232908,0.0,0,0.0,0.150996232908,1.0,14,0.92937699120961059,1.0,0.0,0,0.0,0.150996232908,0.0,0,0.0,0.150996232908
180,0.0,0.0,0.142463680566,0.0,0,0.0,0.142463680566,0.0,0,0.0,0.142463680566,1.0,15,0.93364101391901999,1.0,0.0,0,0.0,0.142463680566
181,0.06666666666666667,0.046098650073,0.188562330639,0.0,0,0.0,0.142463680566,0.9333333333333333,14,0.811437669361,0.953901349927,0.0,0,0.0,0.142463680566,0.06666666666666667,1,0.046098650073,0.188562330639
182,0.0,0.0,0.142463680566,1.0,15,0.93364101391901999,1.0,0.0,0,0.0,0.142463680566,0.0,0,0.0,0.142463680566,0.0,0,0.0,0.142463680566
183,0.06666666666666667,0.046098650073,0.188562330639,0.0,0,0.0,0.142463680566,0.06666666666666667,1,0.046098650073,0.188562330639,0.9333333333333333,14,0.811437669361,0.953901349927,0.0,0,0.0,0.142463680566
184,0.0,0.0,0.150996232908,1.0,14,0.92937699120961059,1.0,0.0,0,0.0,0.150996232908,0.0,0,0.0,0.150996232908,0.0,0,0.0,0.150996232908
185,0.0,0.0,0.142463680566,0.0,0,0.0,0.142463680566,1.0,15,0.93364101391901999,1.0,0.0,0,0.0,0.142463680566,0.0,0,0.0,0.142463680566
186,0.0,0.0,0.142463680566,0.0,0,0.0,0.142463680566,0.0,0,0.0,0.142463680566,0.0,0,0.0,0.142463680566,1.0,15,0.93364101391901999,1.0
187,0.06666666666666667,0.046098650073,0.188562330639,0.0,0,0.0,0.142463680566,0.9333333333333333,14,0.811437669361,0.953901349927,0.0,0,0.0,0.142463680566,0.06666666666666667,1,0.046098650073,0.188562330639
188,0.0,0.0,0.142463680566,0.0,0,0.0,0.142463680566,0.0,0,0.0,0.142463680566,0.0,0,0.0,0.142463680566,1.0,15,0.93364101391901999,1.0
189,0.0,0.0,0.142463680566,0.0,0,0.0,0.142463680566,0.0,0,0.0,0.142463680566,1.0,15,0.93364101391901999,1.0,0.0,0,0.0,0.142463680566
190,0.0,0.0,0.142463680566,0.0,0,0.0,0.142463680566,0.0,0,0.0,0.142463680566,0.0,0,0.0,0.142463680566,1.0,15,0.93364101391901999,1.0
191,0.0,0.0,0.183970231421,0.0,0,0.0,0.183970231421,0.0,0,0.0,0.183970231421,1.0,11,0.91251475476049393,1.0,0.0,0,0.0,0.183970231421
192,0.0,0.0,0.116160652917,1.0,19,0.94655082264015922,1.0,0.0,0,0.0,0.116160652917,0.0,0,0.0,0.116160652917,0.0,0,0.0,0.116160652917
193,0.05,0.035045319187,0.146074753379,0.95,19,0.853925246621,0.964954680813,0.0,0,0.0,0.111029434192,0.05,1,0.035045319187,0.146074753379,0.0,0,0.0,0.111029434192
194,0.047619047619047616,0.033441771368,0.139772537053,0.047619047619047616,1,0.033441771368,0.139772537053,0.0,0,0.0,0.106330765685,0.9523809523809523,20,0.860227462947,0.966558228632,0.0,0,0.0,0.106330765685
195,0.0,0.0,0.106330765685,0.0,0,0.0,0.106330765685,0.0,0,0.0,0.106330765685,1.0,21,0.9512894278409334,1.0,0.0,0,0.0,0.106330765685
196,0.0,0.0,0.106330765685,0.0,0,0.0,0.106330765685,0.0,0,0.0,0.106330765685,1.0,21,0.9512894278409334,1.0,0.0,0,0.0,0.106330765685
197,0.0,0.0,0.10201236649,0.0,0,0.0,0.10201236649,1.0,22,0.95335708321704971,1.0,0.0,0,0.0,0.10201236649,0.0,0,0.0,0.10201236649
198,0.0,0.0,0.10201236649,0.0,0,0.0,0.10201236649,1.0,22,0.95335708321704971,1.0,0.0,0,0.0,0.10201236649,0.0,0,0.0,0.10201236649
199,0.043478260869565216,0.030638084272,0.128668106409,0.043478260869565216,1,0.030638084272,0.128668106409,0.0,0,0.0,0.098030022138,0.9565217391304348,22,0.871331893591,0.969361915728,0.0,0,0.0,0.098030022138
200,0.043478260869565216,0.030638084272,0.128668106409,0.9565217391304348,22,0.871331893591,0.969361915728,0.0,0,0.0,0.098030022138,0.043478260869565216,1,0.030638084272,0.128668106409,0.0,0,0.0,0.098030022138
201,0.0,0.0,0.094346093025,0.0,0,0.0,0.094346093025,0.0,0,0.0,0.094346093025,0.0,0,0.0,0.094346093025,1.0,24,0.95700707798138707,1.0
202,0.0,0.0,0.094346093025,0.0,0,0.0,0.094346093025,0.0,0,0.0,0.094346093025,0.0,0,0.0,0.094346093025,1.0,24,0.95700707798138707,1.0
203,0.041666666666666664,0.029405471278,0.123751564303,0.041666666666666664,1,0.029405471278,0.123751564303,0.9583333333333334,23,0.876248435697,0.970594528722,0.0,0,0.0,0.094346093025,0.0,0,0.0,0.094346093025
204,0.0,0.0,0.090928340574,1.0,25,0.95862595297168207,1.0,0.0,0,0.0,0.090928340574,0.0,0,0.0,0.090928340574,0.0,0,0.0,0.090928340574
205,0.76,0.65999577436,0.821981345619,0.0,0,0.0,0.090928340574,0.24,6,0.178018654381,0.34000422564,0.72,18,0.619298613711,0.788532208995,0.04,1,0.028268218486,0.11919655906
206,0.0,0.0,0.090928340574,0.0,0,0.0,0.090928340574,1.0,25,0.95862595297168207,1.0,0.0,0,0.0,0.090928340574,0.0,0,0.0,0.090928340574
207,0.24,0.178018654381,0.34000422564,0.76,19,0.65999577436,0.821981345619,0.0,0,0.0,0.090928340574,0.24,6,0.178018654381,0.34000422564,0.0,0,0.0,0.090928340574
208,0.0,0.0,0.090928340574,0.0,0,0.0,0.090928340574,0.0,0,0.0,0.090928340574,0.0,0,0.0,0.090928340574,1.0,25,0.95862595297168207,1.0
209,0.25,0.185403798603,0.352573406815,0.0,0,0.0,0.094346093025,0.75,18,0.647426593185,0.814596201397,0.25,6,0.185403798603,0.352573406815,0.0,0,0.0,0.094346093025
210,0.038461538461538464,0.027215670077,0.114964665299,0.0,0,0.0,0.087748995221,0.0,0,0.0,0.087748995221,0.038461538461538464,1,0.027215670077,0.114964665299,0.9615384615384616,25,0.885035334701,0.972784329923
211,0.0,0.0,0.084784010295,0.0,0,0.0,0.084784010295,1.0,27,0.96152361548630705,1.0,0.0,0,0.0,0.084784010295,0.0,0,0.0,0.084784010295
212,0.0,0.0,0.084784010295,0.0,0,0.0,0.084784010295,1.0,27,0.96152361548630705,1.0,0.0,0,0.0,0.084784010295,0.0,0,0.0,0.084784010295
213,0.0,0.0,0.084784010295,1.0,27,0.96152361548630705,1.0,0.0,0,0.0,0.084784010295,0.0,0,0.0,0.084784010295,0.0,0,0.0,0.084784010295
214,0.0,0.0,0.084784010295,0.0,0,0.0,0.084784010295,0.0,0,0.0,0.084784010295,1.0,27,0.96152361548630705,1.0,0.0,0,0.0,0.084784010295
215,0.0,0.0,0.084784010295,1.0,27,0.96152361548630705,1.0,0.0,0,0.0,0.084784010295,0.0,0,0.0,0.084784010295,0.0,0,0.0,0.084784010295
216,0.0,0.0,0.084784010295,0.0,0,0.0,0.084784010295,0.0,0,0.0,0.084784010295,1.0,27,0.96152361548630705,1.0,0.0,0,0.0,0.084784010295
217,0.037037037037037035,0.026238701071,0.111022711366,0.9629629629629629,26,0.888977288634,0.973761298929,0.0,0,0.0,0.084784010295,0.037037037037037035,1,0.026238701071,0.111022711366,0.0,0,0.0,0.084784010295
218,0.3333333333333333,0.25946479697,0.429876540223,0.0,0,0.0,0.084784010295,0.6666666666666666,18,0.570123459777,0.74053520303,0.3333333333333333,9,0.25946479697,0.429876540223,0.0,0,0.0,0.084784010295
219,0.0,0.0,0.082012460073,1.0,28,0.96282540930639848,1.0,0.0,0,0.0,0.082012460073,0.0,0,0.0,0.082012460073,0.0,0,0.0,0.082012460073
220,0.0,0.0,0.082012460073,1.0,28,0.96282540930639848,1.0,0.0,0,0.0,0.082012460073,0.0,0,0.0,0.082012460073,0.0,0,0.0,0.082012460073
221,0.034482758620689655,0.024481116437,0.103897167073,0.0,0,0.0,0.079416050636,0.034482758620689655,1,0.024481116437,0.103897167073,0.0,0,0.0,0.079416050636,0.9655172413793104,28,0.896102832927,0.975518883563
222,0.0,0.0,0.076978719685,0.0,0,0.0,0.076978719685,0.0,0,0.0,0.076978719685,1.0,30,0.96518150612011933,1.0,0.0,0,0.0,0.076978719685
223,0.36666666666666664,0.292173679935,0.457586437728,0.13333333333333333,4,0.095021984523,0.216857554281,0.6333333333333333,19,0.542413562272,0.707826320065,0.23333333333333334,7,0.176215583705,0.323313741549,0.0,0,0.0,0.076978719685
224,0.0,0.0,0.076978719685,0.0,0,0.0,0.076978719685,1.0,30,0.96518150612011933,1.0,0.0,0,0.0,0.076978719685,0.0,0,0.0,0.076978719685
225,0.0,0.0,0.074686307048,1.0,31,0.96625100978939205,1.0,0.0,0,0.0,0.074686307048,0.0,0,0.0,0.074686307048,0.0,0,0.0,0.074686307048
226,0.25806451612903225,0.197894011609,0.347138078297,0.7419354838709677,23,0.652861921703,0.802105988391,0.0,0,0.0,0.074686307048,0.1935483870967742,6,0.143699293507,0.28001675738,0.06451612903225806,2,0.044197913643,0.136954255012
227,0.0,0.0,0.068560088351,0.0,0,0.0,0.068560088351,0.0,0,0.0,0.068560088351,1.0,34,0.96909859549239075,1.0,0.0,0,0.0,0.068560088351
228,0.0,0.0,0.068560088351,1.0,34,0.96909859549239075,1.0,0.0,0,0.0,0.068560088351,0.0,0,0.0,0.068560088351,0.0,0,0.0,0.068560088351
229,0.0,0.0,0.068560088351,1.0,34,0.96909859549239075,1.0,0.0,0,0.0,0.068560088351,0.0,0,0.0,0.068560088351,0.0,0,0.0,0.068560088351
230,0.11764705882352941,0.083970675134,0.19320379075,0.0,0,0.0,0.068560088351,0.8823529411764706,30,0.80679620925,0.916029324866,0.0,0,0.0,0.068560088351,0.11764705882352941,4,0.083970675134,0.19320379075
231,0.37142857142857144,0.301202243289,0.455341662157,0.37142857142857144,13,0.301202243289,0.455341662157,0.0,0,0.0,0.066735136327,0.0,0,0.0,0.066735136327,0.6285714285714286,22,0.544658337843,0.698797756711
232,0.19444444444444445,0.146865454531,0.273701987675,0.0,0,0.0,0.065004708113,0.8055555555555556,29,0.726298012325,0.853134545469,0.0,0,0.0,0.065004708113,0.19444444444444445,7,0.146865454531,0.273701987675
233,0.0,0.0,0.065004708113,1.0,36,0.97074425934347264,1.0,0.0,0,0.0,0.065004708113,0.0,0,0.0,0.065004708113,0.0,0,0.0,0.065004708113
234,0.6666666666666666,0.583700968217,0.732359159875,0.027777777777777776,1,0.01983179701,0.084836505123,0.3333333333333333,12,0.267640840125,0.416299031783,0.6388888888888888,23,0.556065666823,0.707318232629,0.0,0,0.0,0.065004708113
235,0.027777777777777776,0.01983179701,0.084836505123,0.0,0,0.0,0.065004708113,0.0,0,0.0,0.065004708113,0.027777777777777776,1,0.01983179701,0.084836505123,0.9722222222222222,35,0.915163494877,0.98016820299
236,0.047619047619047616,0.032807796898,0.102978532578,0.0,0,0.0,0.056251527475,0.0,0,0.0,0.056251527475,0.9523809523809523,40,0.897021467422,0.967192203102,0.047619047619047616,2,0.032807796898,0.102978532578
237,0.07142857142857142,0.050008146052,0.131235393231,0.0,0,0.0,0.056251527475,0.0,0,0.0,0.056251527475,0.07142857142857142,3,0.050008146052,0.131235393231,0.9285714285714286,39,0.868764606769,0.949991853948
238,0.6976744186046512,0.622417447724,0.755646568042,0.3023255813953488,13,0.244353431958,0.377582552276,0.0,0,0.0,0.055016632605,0.0,0,0.0,0.055016632605,0.6976744186046512,30,0.622417447724,0.755646568042
239,0.023255813953488372,0.016666661056,0.071683293662,0.0,0,0.0,0.055016632605,0.023255813953488372,1,0.016666661056,0.071683293662,0.0,0,0.0,0.055016632605,0.9767441860465116,42,0.928316706338,0.983333338944
240,0.022727272727272728,0.016295138771,0.070129890129,0.0,0,0.0,0.053834751358,0.9772727272727273,43,0.929870109871,0.983704861229,0.0,0,0.0,0.053834751358,0.022727272727272728,1,0.016295138771,0.070129890129
241,0.0,0.0,0.052702544318,0.0,0,0.0,0.052702544318,0.0,0,0.0,0.052702544318,0.0,0,0.0,0.052702544318,1.0,45,0.97640006309762661,1.0
242,0.022222222222222223,0.015939819653,0.068642363971,0.0,0,0.0,0.052702544318,0.022222222222222223,1,0.015939819653,0.068642363971,0.9777777777777777,44,0.931357636029,0.984060180347,0.0,0,0.0,0.052702544318
243,0.022222222222222223,0.015939819653,0.068642363971,0.022222222222222223,1,0.015939819653,0.068642363971,0.9777777777777777,44,0.931357636029,0.984060180347,0.0,0,0.0,0.052702544318,0.0,0,0.0,0.052702544318
244,0.0,0.0,0.052702544318,1.0,45,0.97640006309762661,1.0,0.0,0,0.0,0.052702544318,0.0,0,0.0,0.052702544318,0.0,0,0.0,0.052702544318
245,0.044444444444444446,0.030653501297,0.096451202121,0.9555555555555556,43,0.903548797879,0.969346498703,0.0,0,0.0,0.052702544318,0.044444444444444446,2,0.030653501297,0.096451202121,0.0,0,0.0,0.052702544318
246,0.0,0.0,0.052702544318,1.0,45,0.97640006309762661,1.0,0.0,0,0.0,0.052702544318,0.0,0,0.0,0.052702544318,0.0,0,0.0,0.052702544318
247,0.0,0.0,0.052702544318,0.0,0,0.0,0.052702544318,0.0,0,0.0,0.052702544318,0.0,0,0.0,0.052702544318,1.0,45,0.97640006309762661,1.0
248,0.0,0.0,0.052702544318,0.0,0,0.0,0.052702544318,0.0,0,0.0,0.052702544318,1.0,45,0.97640006309762661,1.0,0.0,0,0.0,0.052702544318
249,0.0,0.0,0.052702544318,1.0,45,0.97640006309762661,1.0,0.0,0,0.0,0.052702544318,0.0,0,0.0,0.052702544318,0.0,0,0.0,0.052702544318
250,0.022222222222222223,0.015939819653,0.068642363971,0.9777777777777777,44,0.931357636029,0.984060180347,0.0,0,0.0,0.052702544318,0.022222222222222223,1,0.015939819653,0.068642363971,0.0,0,0.0,0.052702544318
251,0.0,0.0,0.052702544318,0.0,0,0.0,0.052702544318,1.0,45,0.97640006309762661,1.0,0.0,0,0.0,0.052702544318,0.0,0,0.0,0.052702544318
252,0.044444444444444446,0.030653501297,0.096451202121,0.9555555555555556,43,0.903548797879,0.969346498703,0.0,0,0.0,0.052702544318,0.0,0,0.0,0.052702544318,0.044444444444444446,2,0.030653501297,0.096451202121
253,0.044444444444444446,0.030653501297,0.096451202121,0.0,0,0.0,0.052702544318,0.044444444444444446,2,0.030653501297,0.096451202121,0.9555555555555556,43,0.903548797879,0.969346498703,0.0,0,0.0,0.052702544318
254,0.0,0.0,0.052702544318,0.0,0,0.0,0.052702544318,1.0,45,0.97640006309762661,1.0,0.0,0,0.0,0.052702544318,0.0,0,0.0,0.052702544318
255,0.0,0.0,0.052702544318,0.0,0,0.0,0.052702544318,1.0,45,0.97640006309762661,1.0,0.0,0,0.0,0.052702544318,0.0,0,0.0,0.052702544318
256,0.0,0.0,0.052702544318,0.0,0,0.0,0.052702544318,0.0,0,0.0,0.052702544318,0.0,0,0.0,0.052702544318,1.0,45,0.97640006309762661,1.0
257,0.022222222222222223,0.015939819653,0.068642363971,0.0,0,0.0,0.052702544318,0.022222222222222223,1,0.015939819653,0.068642363971,0.9777777777777777,44,0.931357636029,0.984060180347,0.0,0,0.0,0.052702544318
258,0.044444444444444446,0.030653501297,0.096451202121,0.9555555555555556,43,0.903548797879,0.969346498703,0.044444444444444446,2,0.030653501297,0.096451202121,0.0,0,0.0,0.052702544318,0.0,0,0.0,0.052702544318
259,0.022222222222222223,0.015939819653,0.068642363971,0.0,0,0.0,0.052702544318,0.022222222222222223,1,0.015939819653,0.068642363971,0.9777777777777777,44,0.931357636029,0.984060180347,0.0,0,0.0,0.052702544318
260,0.0,0.0,0.052702544318,1.0,45,0.97640006309762661,1.0,0.0,0,0.0,0.052702544318,0.0,0,0.0,0.052702544318,0.0,0,0.0,0.052702544318
261,0.0,0.0,0.052702544318,0.0,0,0.0,0.052702544318,0.0,0,0.0,0.052702544318,1.0,45,0.97640006309762661,1.0,0.0,0,0.0,0.052702544318
262,0.3333333333333333,0.273532802246,0.407083662063,0.0,0,0.0,0.052702544318,0.6666666666666666,30,0.592916337937,0.726467197754,0.2222222222222222,10,0.17442871687,0.293270086832,0.1111111111111111,5,0.081150379342,0.173648124629
263,0.0,0.0,0.052702544318,0.0,0,0.0,0.052702544318,1.0,45,0.97640006309762661,1.0,0.0,0,0.0,0.052702544318,0.0,0,0.0,0.052702544318
264,0.0,0.0,0.052702544318,0.0,0,0.0,0.052702544318,0.0,0,0.0,0.052702544318,1.0,45,0.97640006309762661,1.0,0.0,0,0.0,0.052702544318
265,0.0,0.0,0.052702544318,1.0,45,0.97640006309762661,1.0,0.0,0,0.0,0.052702544318,0.0,0,0.0,0.052702544318,0.0,0,0.0,0.052702544318
266,0.6222222222222222,0.548548850781,0.685666147617,0.044444444444444446,2,0.030653501297,0.096451202121,0.5777777777777777,26,0.504756529293,0.644289542663,0.37777777777777777,17,0.314333852383,0.451451149219,0.0,0,0.0,0.052702544318
267,0.0,0.0,0.052702544318,0.0,0,0.0,0.052702544318,0.0,0,0.0,0.052702544318,1.0,45,0.97640006309762661,1.0,0.0,0,0.0,0.052702544318
268,0.0,0.0,0.052702544318,1.0,45,0.97640006309762661,1.0,0.0,0,0.0,0.052702544318,0.0,0,0.0,0.052702544318,0.0,0,0.0,0.052702544318
269,0.022222222222222223,0.015939819653,0.068642363971,0.0,0,0.0,0.052702544318,0.9777777777777777,44,0.931357636029,0.984060180347,0.0,0,0.0,0.052702544318,0.022222222222222223,1,0.015939819653,0.068642363971
270,0.2,0.155203895755,0.269912589644,0.8,36,0.730087410356,0.844796104245,0.0,0,0.0,0.052702544318,0.17777777777777778,8,0.136224955957,0.246309952932,0.022222222222222223,1,0.015939819653,0.068642363971
271,0.0,0.0,0.052702544318,0.0,0,0.0,0.052702544318,1.0,45,0.97640006309762661,1.0,0.0,0,0.0,0.052702544318,0.0,0,0.0,0.052702544318
272,0.0,0.0,0.052702544318,0.0,0,0.0,0.052702544318,0.0,0,0.0,0.052702544318,1.0,45,0.97640006309762661,1.0,0.0,0,0.0,0.052702544318
273,0.0,0.0,0.052702544318,0.0,0,0.0,0.052702544318,0.0,0,0.0,0.052702544318,1.0,45,0.97640006309762661,1.0,0.0,0,0.0,0.052702544318
274,0.0,0.0,0.052702544318,0.0,0,0.0,0.052702544318,1.0,45,0.97640006309762661,1.0,0.0,0,0.0,0.052702544318,0.0,0,0.0,0.052702544318
275,0.06666666666666667,0.046713782644,0.122944807868,0.044444444444444446,2,0.030653501297,0.096451202121,0.022222222222222223,1,0.015939819653,0.068642363971,0.0,0,0.0,0.052702544318,0.9333333333333333,42,0.877055192132,0.953286217356
276,0.06666666666666667,0.046713782644,0.122944807868,0.0,0,0.0,0.052702544318,0.06666666666666667,3,0.046713782644,0.122944807868,0.9333333333333333,42,0.877055192132,0.953286217356,0.0,0,0.0,0.052702544318
277,0.0,0.0,0.052702544318,0.0,0,0.0,0.052702544318,0.0,0,0.0,0.052702544318,0.0,0,0.0,0.052702544318,1.0,45,0.97640006309762661,1.0
278,0.6222222222222222,0.548548850781,0.685666147617,0.4888888888888889,22,0.418793578041,0.559914111219,0.0,0,0.0,0.052702544318,0.37777777777777777,17,0.314333852383,0.451451149219,0.13333333333333333,6,0.099145965833,0.198229341222
279,0.0,0.0,0.052702544318,0.0,0,0.0,0.052702544318,0.0,0,0.0,0.052702544318,0.0,0,0.0,0.052702544318,1.0,45,0.97640006309762661,1.0
280,0.0,0.0,0.052702544318,1.0,45,0.97640006309762661,1.0,0.0,0,0.0,0.052702544318,0.0,0,0.0,0.052702544318,0.0,0,0.0,0.052702544318
281,0.08888888888888889,0.063626568165,0.148598770983,0.0,0,0.0,0.052702544318,0.08888888888888889,4,0.063626568165,0.148598770983,0.0,0,0.0,0.052702544318,0.9111111111111111,41,0.851401229017,0.936373431835
282,0.0,0.0,0.052702544318,0.0,0,0.0,0.052702544318,0.0,0,0.0,0.052702544318,0.0,0,0.0,0.052702544318,1.0,45,0.97640006309762661,1.0
283,0.6444444444444445,0.570658210581,0.706141117941,0.35555555555555557,16,0.293858882059,0.429341789419,0.0,0,0.0,0.052702544318,0.0,0,0.0,0.052702544318,0.6444444444444445,29,0.570658210581,0.706141117941
284,0.044444444444444446,0.030653501297,0.096451202121,0.0,0,0.0,0.052702544318,0.9555555555555556,43,0.903548797879,0.969346498703,0.0,0,0.0,0.052702544318,0.044444444444444446,2,0.030653501297,0.096451202121
285,0.0,0.0,0.052702544318,0.0,0,0.0,0.052702544318,0.0,0,0.0,0.052702544318,0.0,0,0.0,0.052702544318,1.0,45,0.97640006309762661,1.0
286,0.022222222222222223,0.015939819653,0.068642363971,0.0,0,0.0,0.052702544318,0.0,0,0.0,0.052702544318,0.9777777777777777,44,0.931357636029,0.984060180347,0.022222222222222223,1,0.015939819653,0.068642363971
287,0.0,0.0,0.052702544318,0.0,0,0.0,0.052702544318,0.0,0,0.0,0.052702544318,0.0,0,0.0,0.052702544318,1.0,45,0.97640006309762661,1.0
288,0.0,0.0,0.052702544318,0.0,0,0.0,0.052702544318,0.0,0,0.0,0.052702544318,1.0,45,0.97640006309762661,1.0,0.0,0,0.0,0.052702544318
289,0.0,0.0,0.052702544318,0.0,0,0.0,0.052702544318,1.0,45,0.97640006309762661,1.0,0.0,0,0.0,0.052702544318,0.0,0,0.0,0.052702544318
290,0.0,0.0,0.052702544318,0.0,0,0.0,0.052702544318,0.0,0,0.0,0.052702544318,1.0,45,0.97640006309762661,1.0,0.0,0,0.0,0.052702544318
291,0.06818181818181818,0.047762580311,0.125589545088,0.9318181818181818,41,0.874410454912,0.952237419689,0.0,0,0.0,0.053834751358,0.06818181818181818,3,0.047762580311,0.125589545088,0.0,0,0.0,0.053834751358
292,0.0,0.0,0.055016632605,0.0,0,0.0,0.055016632605,0.0,0,0.0,0.055016632605,1.0,43,0.97534067270925051,1.0,0.0,0,0.0,0.055016632605
293,0.09302325581395349,0.066558128478,0.155111728643,0.9069767441860465,39,0.844888271357,0.933441871522,0.0,0,0.0,0.055016632605,0.06976744186046512,3,0.048859567947,0.128350466786,0.023255813953488372,1,0.016666661056,0.071683293662
294,0.06976744186046512,0.048859567947,0.128350466786,0.06976744186046512,3,0.048859567947,0.128350466786,0.0,0,0.0,0.055016632605,0.9302325581395349,40,0.871649533214,0.951140432053,0.0,0,0.0,0.055016632605
295,0.0,0.0,0.058895280975,1.0,40,0.97356039050699938,1.0,0.0,0,0.0,0.058895280975,0.0,0,0.0,0.058895280975,0.0,0,0.0,0.058895280975
