v_5p_del,v_gene,count
154,IGHV4-31*03,1
4,IGHV3-30*03,2
186,IGHV1-46*01,1
236,IGHV3-23*04,2
14,IGHV1-69*04,1
213,IGHV4-61*01,1
200,IGHV3-49*04,3
41,IGHV1-2*02,6
24,IGHV1-69*04,5
39,IGHV1-69*04,15
40,IGHV4-59*08,5
149,IGHV4-31*03,1
204,IGHV4-59*08,1
33,IGHV1-2*02,26
4,IGHV3-7*03,11
98,IGHV1-18*04+G278A,1
195,IGHV4-39*01+G281C,1
71,IGHV1-69*04+G278T,15
119,IGHV3-7*03,5
147,IGHV5-51*01,2
132,IGHV1-69*04+G278T,3
102,IGHV1-69*04,1
96,IGHV5-10-1*01,1
130,IGHV4-61*01,11
244,IGHV3-7*03,1
37,IGHV3-74*01,1
156,IGHV1-18*04+G278A,1
194,IGHV4-34*01,2
55,IGHV4-31*03,5
125,IGHV1-18*04+G278A,1
20,IGHV1-69*04,2
109,IGHV1-46*01,1
87,IGHV4-39*01,1
15,IGHV3-7*03,11
179,IGHV6-1*01,1
2,IGHV4-59*08,21
259,IGHV1-18*04,1
189,IGHV5-10-1*01,1
184,IGHV4-4*07,2
194,IGHV3-66*03,7
162,IGHV4-34*01,6
225,IGHV1-2*02,6
161,IGHV4-30-2*05,2
237,IGHV5-51*01,1
145,IGHV4-61*02,1
101,IGHV1-69*04+G278T,2
147,IGHV4-59*08,2
41,IGHV3-30*03,2
225,IGHV3-66*01,3
204,IGHV4-61*01,2
199,IGHV3-23*04,1
78,IGHV1-24*01,5
147,IGHV1-69*04+G278T,1
247,IGHV3-NL1*01,6
28,IGHV1-46*01,2
1,IGHV4-31*03,6
107,IGHV3-49*04,1
54,IGHV1-69*04,2
53,IGHV1-69*04,4
205,IGHV3-30*03,1
13,IGHV1-69*04+G278T,1
257,IGHV1-2*02,4
16,IGHV3-7*03,17
72,IGHV4-39*01,11
73,IGHV3-30*03,6
71,IGHV1-18*04,16
13,IGHV3-74*01,1
187,IGHV3-7*03,1
90,IGHV4-34*01,1
174,IGHV3-30*03,1
269,IGHV4-39*01,1
145,IGHV3-43*02,2
208,IGHV1-2*02,32
153,IGHV4-30-2*05,1
83,IGHV3-23*04,1
23,IGHV1-69*04,2
237,IGHV3-30*03,2
76,IGHV4-59*08,5
118,IGHV4-59*08,2
244,IGHV4-39*01,1
261,IGHV4-61*01,1
245,IGHV4-30-2*05,6
61,IGHV3-48*01,1
77,IGHV3-74*01,1
90,IGHV3-7*03,6
125,IGHV3-30*03,24
55,IGHV3-15*01,2
256,IGHV3-15*01,1
129,IGHV4-59*08,2
244,IGHV4-61*02,1
157,IGHV3-66*03,1
138,IGHV4-31*03,1
229,IGHV1-18*04,1
86,IGHV4-30-2*05,1
122,IGHV1-69*04,4
251,IGHV4-39*01,1
230,IGHV4-61*02,1
154,IGHV1-69-2*01,1
3,IGHV4-39*01,3
227,IGHV3-48*03,1
146,IGHV3-23*04,4
136,IGHV3-7*03,5
52,IGHV4-34*01,15
89,IGHV5-10-1*01,2
234,IGHV4-30-2*05,1
271,IGHV4-59*08,1
201,IGHV3-23*04,1
110,IGHV3-7*03,1
242,IGHV3-30*03,3
115,IGHV4-31*03,1
7,IGHV5-51*01,1
137,IGHV4-59*08,1
52,IGHV4-39*01,6
185,IGHV4-59*08,3
161,IGHV3-66*03,2
126,IGHV3-30*03,8
190,IGHV3-66*03,2
163,IGHV3-7*03,1
172,IGHV4-4*02,1
44,IGHV4-31*03,10
185,IGHV4-34*09,1
39,IGHV4-31*03,4
19,IGHV1-69*04+G278T,5
61,IGHV3-23*04,1
147,IGHV3-7*03,25
177,IGHV4-59*08,1
165,IGHV3-21*01,1
151,IGHV4-4*07,1
101,IGHV4-61*01,3
97,IGHV5-51*01,1
133,IGHV4-31*03,1
81,IGHV3-21*01,14
2,IGHV3-15*01,2
251,IGHV3-43*02,1
48,IGHV5-51*01,1
207,IGHV4-59*08,1
174,IGHV3-7*03,12
90,IGHV4-39*01,1
265,IGHV4-34*09,3
261,IGHV4-34*01,1
65,IGHV1-69*04+G278T,21
151,IGHV3-30*03,7
64,IGHV4-61*01,2
151,IGHV3-20*01,2
0,IGHV1-46*01,3
210,IGHV4-34*01,1
271,IGHV3-66*01,2
99,IGHV3-74*01,1
159,IGHV3-15*01,3
92,IGHV4-34*01,9
261,IGHV3-7*03,1
240,IGHV1-46*01,1
190,IGHV4-59*10,1
17,IGHV4-34*01,2
175,IGHV3-64*04,1
146,IGHV4-59*08,5
79,IGHV4-59*08,3
81,IGHV4-31*03,30
79,IGHV1-18*04+G278A,7
237,IGHV3-11*05,1
137,IGHV4-31*03,16
194,IGHV4-61*02,1
240,IGHV3-15*01,1
8,IGHV3-23*04,1
0,IGHV4-30-2*05,2
137,IGHV1-69*04+G278T,1
142,IGHV3-23*04,10
73,IGHV3-11*05,1
52,IGHV1-69*04,1
172,IGHV4-34*01,1
149,IGHV3-11*05,1
260,IGHV3-23*04,2
110,IGHV4-61*01,1
84,IGHV4-39*01+G281C,1
128,IGHV3-66*03,1
198,IGHV4-31*03,1
150,IGHV3-7*03,4
245,IGHV3-49*04,3
25,IGHV3-15*01,1
262,IGHV3-66*03,2
61,IGHV1-46*01,12
121,IGHV4-4*07,1
145,IGHV3-48*03,3
172,IGHV1-69*04,1
233,IGHV1-24*01,1
144,IGHV3-43*02,8
43,IGHV4-31*03,3
244,IGHV3-48*03,1
249,IGHV1-69*04+G278T,1
77,IGHV3-49*04,2
25,IGHV1-69*04+G278T,8
4,IGHV1-2*02,4
220,IGHV1-24*01,1
49,IGHV1-2*02,4
20,IGHV3-7*03,3
67,IGHV3-23*04,2
112,IGHV4-59*08,1
271,IGHV4-34*09,1
175,IGHV3-73*01,1
226,IGHV3-49*04,1
195,IGHV4-61*01,11
87,IGHV4-31*03,3
228,IGHV3-66*01,1
68,IGHV3-64*04,1
66,IGHV3-20*01,1
189,IGHV4-31*03,1
23,IGHV1-2*02,5
58,IGHV3-49*04,1
63,IGHV3-64*04,1
192,IGHV3-74*01,1
60,IGHV3-20*01,1
193,IGHV3-30*03,15
165,IGHV3-48*01,2
68,IGHV1-18*04,5
66,IGHV1-69*04,1
13,IGHV3-49*04,1
100,IGHV3-23*04,1
92,IGHV1-69*04,2
86,IGHV4-34*01,2
159,IGHV3-11*05,1
218,IGHV3-23*04,4
82,IGHV4-39*01,3
267,IGHV4-61*01,1
11,IGHV4-34*01,1
33,IGHV4-31*03,1
171,IGHV3-48*03,1
36,IGHV4-34*01,13
70,IGHV1-46*01,5
173,IGHV4-61*02,1
153,IGHV4-38-2*02,1
233,IGHV4-30-2*05,1
165,IGHV5-51*01,1
142,IGHV4-59*10,1
112,IGHV4-39*01,6
66,IGHV1-2*02,12
113,IGHV3-30*03,8
233,IGHV3-21*01,1
58,IGHV1-2*02,10
195,IGHV4-34*09,5
1,IGHV3-30*03,2
254,IGHV3-11*01,1
214,IGHV3-64*04,5
101,IGHV4-31*03,1
114,IGHV1-2*02,2
166,IGHV4-34*01,2
20,IGHV4-39*01,2
247,IGHV3-48*03,1
243,IGHV4-59*08,3
32,IGHV4-34*01,10
249,IGHV3-66*01,1
24,IGHV1-2*02,29
125,IGHV4-59*08,6
128,IGHV6-1*01,1
254,IGHV4-34*01,1
246,IGHV3-30*03,1
146,IGHV1-2*02,3
179,IGHV4-34*01,3
163,IGHV3-15*01,3
46,IGHV4-61*02,16
44,IGHV3-7*03,2
63,IGHV3-23*04,2
138,IGHV1-2*02,2
81,IGHV1-69*04,6
167,IGHV1-18*04,2
199,IGHV5-10-1*01,1
33,IGHV1-46*01,1
106,IGHV1-69*04,2
54,IGHV3-74*01,1
249,IGHV4-61*02,1
138,IGHV3-30*03,7
117,IGHV1-2*02,5
103,IGHV3-7*03,2
95,IGHV3-21*01,2
89,IGHV3-49*04,3
124,IGHV3-43*02,1
279,IGHV3-49*04,2
260,IGHV3-72*01,1
50,IGHV3-7*03,1
64,IGHV4-59*08,66
188,IGHV1-69-2*01,1
143,IGHV5-51*01,1
53,IGHV4-39*01,5
105,IGHV3-49*04,1
237,IGHV3-66*01,1
182,IGHV3-7*03,2
136,IGHV3-48*03,1
61,IGHV4-59*08,10
227,IGHV3-NL1*01,1
53,IGHV3-20*01,1
100,IGHV4-61*01,5
258,IGHV3-7*03,3
58,IGHV3-30*03,19
205,IGHV3-64*04,1
197,IGHV1-2*02,10
123,IGHV1-2*02,19
104,IGHV1-18*04,6
192,IGHV4-34*01,5
139,IGHV3-30*03,6
32,IGHV4-31*03,11
161,IGHV3-48*01,1
185,IGHV4-61*02,2
254,IGHV3-NL1*01,4
119,IGHV4-30-2*05,2
158,IGHV3-72*01,1
211,IGHV4-31*03,8
24,IGHV1-18*04+G278A,1
192,IGHV4-39*01,3
90,IGHV3-30*03,7
10,IGHV3-23*04,2
150,IGHV4-59*10,1
115,IGHV4-59*08,8
204,IGHV1-24*01,2
98,IGHV4-30-2*05,1
23,IGHV4-59*08,6
160,IGHV3-7*03,1
54,IGHV3-11*05,2
200,IGHV4-39*01+G281C,1
143,IGHV3-43*02,1
81,IGHV1-69*04+G278T,14
186,IGHV1-69*04+G278T,1
148,IGHV3-43*02,1
59,IGHV3-30*03,5
159,IGHV3-74*01,2
68,IGHV5-10-1*01,2
170,IGHV3-49*04,23
133,IGHV1-2*02,40
162,IGHV4-59*10,1
161,IGHV1-46*01,1
223,IGHV3-30*03,7
241,IGHV1-69*04+G278T,4
162,IGHV5-10-1*01,3
179,IGHV1-69*04,5
252,IGHV4-31*03,1
171,IGHV1-46*01,2
93,IGHV4-39*01,1
123,IGHV1-46*01,1
199,IGHV3-48*01,1
47,IGHV1-69*04+G278T,1
0,IGHV4-39*01,77
242,IGHV3-64*04,2
75,IGHV5-10-1*01,6
77,IGHV4-59*08,23
183,IGHV4-59*10,1
161,IGHV3-23*04,1
229,IGHV3-66*01,2
115,IGHV5-51*01,1
223,IGHV1-69*04+G278T,2
131,IGHV4-34*01,7
59,IGHV5-10-1*01,1
143,IGHV5-10-1*01,1
140,IGHV4-61*02,3
102,IGHV3-30*03,1
75,IGHV4-31*03,5
135,IGHV1-69*04+G278T,1
54,IGHV3-48*03,3
213,IGHV4-30-2*05,1
180,IGHV3-7*03,1
16,IGHV4-59*08,4
92,IGHV4-61*01,1
162,IGHV3-43*02,4
9,IGHV1-2*02,3
110,IGHV1-69*04,1
194,IGHV3-49*04,1
247,IGHV4-31*03,1
58,IGHV3-23*04,3
13,IGHV4-59*08,3
82,IGHV5-10-1*01,2
126,IGHV1-18*04+G278A,1
273,IGHV4-31*03,3
210,IGHV3-49*04,3
181,IGHV4-39*01+G281C,1
258,IGHV3-66*01,1
148,IGHV1-24*01,1
220,IGHV3-66*01,1
98,IGHV4-34*01,5
112,IGHV5-10-1*01,2
75,IGHV3-21*01,9
55,IGHV3-74*01,2
251,IGHV3-66*03,3
147,IGHV3-30*03,11
40,IGHV3-7*03,23
25,IGHV1-69*04,2
164,IGHV3-NL1*01,1
227,IGHV3-49*04,2
134,IGHV4-61*02,6
218,IGHV4-59*08,1
67,IGHV4-59*08,5
204,IGHV3-48*03,3
132,IGHV3-43*02,1
176,IGHV3-23*04,1
112,IGHV4-31*03,1
101,IGHV1-46*01,1
52,IGHV3-21*01,5
277,IGHV4-30-2*05,1
224,IGHV3-66*01,2
67,IGHV3-7*03,5
194,IGHV4-59*08,6
174,IGHV5-10-1*01,2
165,IGHV3-15*01,2
158,IGHV3-43*02,3
9,IGHV3-23*04,1
90,IGHV4-30-2*05,1
139,IGHV1-18*04,1
204,IGHV1-69*04+G278T,2
164,IGHV1-18*04,1
87,IGHV3-48*03,1
64,IGHV4-39*01+G281C,2
19,IGHV5-10-1*01,2
251,IGHV4-39*01+G281C,1
229,IGHV4-39*01+G281C,1
11,IGHV5-51*01,2
182,IGHV1-46*01,2
142,IGHV3-30*03,138
236,IGHV3-7*03,2
74,IGHV4-31*03,3
104,IGHV3-7*03,1
150,IGHV4-30-2*05,1
166,IGHV1-2*02,2
157,IGHV3-23*04,1
58,IGHV4-4*07,1
133,IGHV1-69*04+G278T,10
170,IGHV3-43*02,1
103,IGHV3-43*02,2
93,IGHV4-61*01,4
136,IGHV3-11*05,1
94,IGHV5-10-1*01,1
249,IGHV4-39*01,1
7,IGHV3-7*03,26
65,IGHV1-69*04,4
35,IGHV4-61*02,10
242,IGHV1-69*04+G278T,2
100,IGHV1-46*01,2
153,IGHV4-31*03,8
224,IGHV4-59*08,5
82,IGHV1-18*04,1
160,IGHV3-43*02,8
117,IGHV4-34*01,2
155,IGHV3-21*01,2
203,IGHV3-43*02,1
132,IGHV4-39*01+G281C,4
179,IGHV1-46*01,2
129,IGHV3-21*01,1
210,IGHV3-30*03,5
216,IGHV3-7*03,2
153,IGHV5-10-1*01,3
61,IGHV1-69*04,5
94,IGHV3-30*03,3
80,IGHV4-61*02,1
171,IGHV4-30-2*05,2
151,IGHV5-51*01,4
211,IGHV4-61*01,9
190,IGHV4-39*01,10
179,IGHV3-30*03,4
65,IGHV1-18*04+G278A,1
141,IGHV4-4*02,1
198,IGHV4-34*01,2
197,IGHV4-34*01,2
210,IGHV3-NL1*01,5
109,IGHV3-7*03,1
128,IGHV4-61*01,2
34,IGHV1-69*04+G278T,2
11,IGHV3-20*01,1
163,IGHV3-23*04,3
161,IGHV4-59*08,1
29,IGHV4-61*02,3
171,IGHV1-2*02,17
199,IGHV1-24*01,2
91,IGHV4-30-2*05,1
58,IGHV1-24*01,1
59,IGHV4-39*01,1
99,IGHV3-30*03,3
95,IGHV1-24*01,4
208,IGHV1-18*04+G278A,4
0,IGHV1-69*04+G278T,26
164,IGHV3-49*04,2
112,IGHV4-61*02,1
67,IGHV3-74*01,1
258,IGHV4-61*02,1
231,IGHV3-7*03,1
64,IGHV1-18*04+G278A,4
7,IGHV3-30*03,10
5,IGHV3-48*03,1
230,IGHV4-59*08,1
222,IGHV1-18*04+G278A,1
168,IGHV1-69*04+G278T,2
93,IGHV3-7*03,5
88,IGHV3-23*04,2
193,IGHV5-51*01,1
149,IGHV3-7*03,4
222,IGHV3-66*03,2
118,IGHV1-18*04,2
222,IGHV3-23*04,2
203,IGHV3-64*04,1
39,IGHV3-30*03,1
97,IGHV4-39*01,13
77,IGHV4-30-2*05,1
54,IGHV1-69*04+G278T,2
34,IGHV4-31*03,2
52,IGHV3-20*01,2
39,IGHV4-39*01,1
240,IGHV4-30-2*05,4
237,IGHV4-34*01,3
19,IGHV4-34*01,2
248,IGHV3-30*03,1
73,IGHV3-21*01,3
159,IGHV1-69*04,2
95,IGHV3-74*01,1
200,IGHV1-18*04,2
212,IGHV3-23*04,1
121,IGHV3-23*04,1
180,IGHV1-2*02,20
9,IGHV1-24*01,1
166,IGHV3-7*03,4
214,IGHV1-69*04+G278T,8
113,IGHV4-39*01+G281C,1
173,IGHV4-59*08,1
257,IGHV1-69*04+G278T,1
156,IGHV3-30*03,3
228,IGHV1-2*02,2
225,IGHV4-34*01,3
90,IGHV3-43*02,2
98,IGHV4-61*02,6
168,IGHV3-49*04,8
144,IGHV3-73*01,1
124,IGHV3-66*01,1
191,IGHV4-34*01,28
240,IGHV3-49*04,4
90,IGHV3-20*01,1
129,IGHV4-61*01,11
36,IGHV3-7*03,1
199,IGHV4-34*01,1
40,IGHV3-21*01,2
257,IGHV3-48*03,1
0,IGHV3-49*04,3
234,IGHV4-59*10,1
238,IGHV3-15*01,3
177,IGHV4-61*01,1
136,IGHV1-46*01,1
160,IGHV3-74*01,1
66,IGHV3-43*02,2
142,IGHV3-11*05,3
75,IGHV4-39*01+G281C,3
3,IGHV4-59*08,7
9,IGHV1-69*04,1
215,IGHV3-15*01,1
14,IGHV1-69*04+G278T,3
55,IGHV3-43*02,1
67,IGHV3-66*01,1
264,IGHV3-66*01,1
227,IGHV3-30*03,2
225,IGHV3-74*01,1
126,IGHV3-64*04,1
219,IGHV6-1*01,1
253,IGHV3-49*04,2
84,IGHV3-23*04,5
210,IGHV3-15*01,2
172,IGHV3-48*01,1
106,IGHV4-4*07,2
156,IGHV3-48*03,1
80,IGHV3-74*01,2
193,IGHV3-64*04,1
175,IGHV1-69-2*01,1
191,IGHV1-69*04,2
74,IGHV4-39*01,1
192,IGHV3-49*04,1
34,IGHV1-2*02,1
85,IGHV3-49*04,2
153,IGHV4-61*02,3
84,IGHV4-61*02,2
12,IGHV3-7*03,4
71,IGHV4-59*08,7
72,IGHV3-48*03,1
127,IGHV3-7*03,1
261,IGHV3-66*03,1
94,IGHV1-69*04,1
231,IGHV3-NL1*01,4
143,IGHV3-21*01,3
136,IGHV4-31*03,1
132,IGHV3-23*04,5
119,IGHV1-69*04,1
1,IGHV1-18*04+G278A,1
97,IGHV4-34*01,1
274,IGHV3-30*03,1
262,IGHV1-69*04+G278T,1
248,IGHV1-2*02,2
86,IGHV3-21*01,4
262,IGHV4-59*08,3
149,IGHV5-51*01,1
63,IGHV4-34*01,3
80,IGHV3-23*04,7
21,IGHV3-30*03,3
23,IGHV3-7*03,4
210,IGHV3-43*02,1
152,IGHV1-18*04,2
122,IGHV3-7*03,3
93,IGHV1-2*02,11
247,IGHV3-72*01,1
85,IGHV1-2*02,2
207,IGHV5-10-1*01,3
166,IGHV3-66*01,1
278,IGHV4-39*01,1
34,IGHV4-39*01+G281C,2
139,IGHV3-48*03,1
87,IGHV5-10-1*01,6
177,IGHV4-34*01,1
201,IGHV1-2*02,2
165,IGHV3-23*04,5
237,IGHV1-24*01,1
4,IGHV4-61*02,1
230,IGHV1-69*04+G278T,1
125,IGHV4-34*01,1
193,IGHV1-18*04+G278A,2
51,IGHV1-2*02,11
137,IGHV1-18*04,1
78,IGHV5-51*01,4
210,IGHV4-31*03,3
230,IGHV4-61*01,1
45,IGHV1-69*04,16
18,IGHV3-43*02,1
116,IGHV4-4*07,1
141,IGHV3-30*03,1
84,IGHV4-39*01,1
234,IGHV4-4*07,2
165,IGHV1-2*02,7
11,IGHV5-10-1*01,8
178,IGHV1-18*04,1
64,IGHV3-43*02,7
90,IGHV3-23*04,4
209,IGHV4-59*08,1
78,IGHV3-48*03,3
90,IGHV4-61*01,12
235,IGHV3-66*03,1
251,IGHV3-30*03,1
247,IGHV3-7*03,4
208,IGHV3-23*04,4
131,IGHV1-2*02,2
4,IGHV5-10-1*01,1
115,IGHV1-2*02,3
132,IGHV4-61*02,12
150,IGHV4-61*02,1
171,IGHV6-1*01,1
22,IGHV3-7*03,1
172,IGHV4-31*03,1
159,IGHV3-30*03,3
142,IGHV3-20*01,1
80,IGHV3-20*01,1
16,IGHV1-69*04+G278T,2
144,IGHV4-30-2*05,1
32,IGHV4-39*01+G281C,2
147,IGHV4-30-2*05,1
9,IGHV3-30*03,3
70,IGHV3-15*01,1
24,IGHV1-18*04,1
267,IGHV6-1*01,1
46,IGHV4-59*08,136
113,IGHV3-49*04,1
199,IGHV4-30-2*05,2
134,IGHV1-46*01,1
2,IGHV4-4*07,1
64,IGHV3-15*01,8
66,IGHV3-66*01,2
182,IGHV1-2*02,3
156,IGHV4-30-2*05,2
144,IGHV3-30*03,5
83,IGHV5-10-1*01,2
81,IGHV4-4*02,2
172,IGHV3-21*01,1
70,IGHV1-69*04+G278T,10
91,IGHV5-10-1*01,2
63,IGHV3-49*04,1
220,IGHV4-39*01+G281C,1
140,IGHV3-66*03,1
248,IGHV4-39*01,1
32,IGHV3-30*03,1
171,IGHV3-23*04,2
167,IGHV4-34*09,1
240,IGHV3-23*04,5
205,IGHV3-66*03,2
197,IGHV3-49*04,1
41,IGHV4-61*02,2
86,IGHV1-2*02,9
169,IGHV3-7*03,3
100,IGHV4-59*08,2
173,IGHV3-66*03,4
90,IGHV4-31*03,1
214,IGHV1-18*04,1
86,IGHV3-66*01,1
117,IGHV4-4*07,2
246,IGHV1-18*04,2
262,IGHV1-2*02,2
21,IGHV4-61*01,1
81,IGHV4-59*08,106
161,IGHV3-48*03,1
64,IGHV3-30*03,50
188,IGHV1-46*01,2
20,IGHV1-69*04+G278T,5
92,IGHV3-21*01,1
94,IGHV3-15*01,1
41,IGHV1-18*04,1
196,IGHV3-7*03,3
66,IGHV3-21*01,2
50,IGHV5-51*01,2
205,IGHV3-43*02,2
228,IGHV3-30*03,1
127,IGHV1-69*04+G278T,1
194,IGHV4-61*01,1
204,IGHV3-23*04,6
39,IGHV1-3*01,1
108,IGHV4-30-2*05,1
88,IGHV3-15*01,2
130,IGHV1-18*04,1
116,IGHV3-30*03,1
133,IGHV3-49*04,4
52,IGHV4-31*03,10
39,IGHV1-69*04+G278T,35
263,IGHV3-NL1*01,3
36,IGHV4-59*08,16
179,IGHV5-51*01,1
84,IGHV3-74*01,2
175,IGHV4-39*01+G281C,1
43,IGHV4-59*08,7
186,IGHV3-11*05,1
97,IGHV3-30*03,4
209,IGHV4-34*09,3
221,IGHV3-49*04,1
165,IGHV3-74*01,2
34,IGHV1-69*04,1
145,IGHV3-7*03,15
165,IGHV5-10-1*01,1
211,IGHV3-49*04,3
158,IGHV1-69*04,3
153,IGHV1-2*02,5
35,IGHV4-39*01,5
131,IGHV3-21*01,7
195,IGHV3-66*01,1
178,IGHV4-34*09,1
7,IGHV3-23*04,4
209,IGHV1-2*02,1
133,IGHV4-30-2*05,1
131,IGHV3-43*02,2
166,IGHV3-49*04,2
251,IGHV3-64*04,1
74,IGHV3-21*01,2
195,IGHV4-61*02,12
90,IGHV4-59*08,5
126,IGHV4-61*02,1
113,IGHV3-43*02,2
207,IGHV4-39*01,5
182,IGHV5-10-1*01,1
156,IGHV3-7*03,16
157,IGHV4-61*01,1
167,IGHV3-23*04,3
254,IGHV3-49*04,1
245,IGHV4-4*07,2
26,IGHV3-7*03,26
77,IGHV1-69*04,5
53,IGHV3-66*01,1
152,IGHV6-1*01,1
102,IGHV3-66*03,1
175,IGHV1-2*02,1
42,IGHV3-7*03,9
274,IGHV4-34*01,1
279,IGHV4-31*03,1
89,IGHV4-31*03,2
252,IGHV3-30*03,1
166,IGHV4-4*02,1
239,IGHV4-59*10,3
81,IGHV4-39*01,23
218,IGHV5-10-1*01,2
61,IGHV3-30*03,6
207,IGHV3-48*03,2
169,IGHV3-43*02,1
174,IGHV4-39*01,2
74,IGHV3-15*01,1
26,IGHV1-69*04+G278T,9
156,IGHV4-34*01,8
141,IGHV4-61*01,1
220,IGHV3-49*04,1
180,IGHV3-48*01,1
167,IGHV4-59*08,2
58,IGHV1-69*04,2
40,IGHV1-2*02,3
12,IGHV1-69-2*01,1
71,IGHV1-46*01,1
72,IGHV1-69*04,2
33,IGHV4-59*08,2
210,IGHV3-23*04,2
194,IGHV1-69*04+G278T,2
93,IGHV3-30*03,8
275,IGHV4-61*01,1
125,IGHV1-69*04+G278T,1
98,IGHV4-59*08,1
188,IGHV4-34*09,1
180,IGHV3-43*02,2
52,IGHV4-59*08,24
10,IGHV4-39*01+G281C,2
199,IGHV5-51*01,3
68,IGHV1-18*04+G278A,1
43,IGHV3-7*03,6
203,IGHV1-69*04+G278T,4
68,IGHV3-72*01,1
91,IGHV1-69*04+G278T,1
171,IGHV4-61*02,2
23,IGHV4-39*01,2
214,IGHV3-7*03,5
239,IGHV3-66*01,2
202,IGHV4-30-2*05,1
169,IGHV5-10-1*01,1
244,IGHV4-59*08,3
125,IGHV3-23*04,2
144,IGHV3-66*03,1
159,IGHV3-7*03,5
70,IGHV3-7*03,9
126,IGHV4-59*08,54
243,IGHV3-23*04,1
2,IGHV3-7*03,13
109,IGHV1-18*04,5
241,IGHV4-31*03,1
19,IGHV1-18*04,1
66,IGHV3-15*01,2
245,IGHV3-66*03,1
218,IGHV3-7*03,1
134,IGHV3-72*01,1
92,IGHV3-23*04,2
139,IGHV1-2*02,2
198,IGHV3-23*04,1
203,IGHV3-7*03,6
196,IGHV4-34*01,1
29,IGHV3-7*03,7
163,IGHV1-69*04+G278T,1
147,IGHV3-23*04,3
67,IGHV3-30*03,10
44,IGHV4-39*01+G281C,5
240,IGHV1-18*04+G278A,1
246,IGHV4-4*07,1
219,IGHV4-34*09,1
185,IGHV4-39*01+G281C,1
77,IGHV4-34*01,4
75,IGHV4-30-2*05,1
255,IGHV4-31*03,2
146,IGHV4-34*01,4
77,IGHV3-7*03,4
206,IGHV4-59*08,2
81,IGHV3-49*04,21
271,IGHV3-49*04,1
61,IGHV1-69-2*01,1
148,IGHV3-49*04,1
199,IGHV4-39*01,4
87,IGHV3-49*04,6
187,IGHV4-59*08,7
186,IGHV3-49*04,2
33,IGHV1-69*04+G278T,14
45,IGHV1-18*04,2
179,IGHV4-34*09,3
87,IGHV6-1*01,1
268,IGHV4-31*03,2
189,IGHV3-15*01,1
94,IGHV4-31*03,1
64,IGHV3-21*01,15
80,IGHV1-69*04,2
198,IGHV1-2*02,5
72,IGHV3-23*04,3
209,IGHV5-51*01,1
70,IGHV3-66*03,1
217,IGHV3-66*03,1
231,IGHV5-10-1*01,1
32,IGHV4-39*01,6
206,IGHV3-23*04,1
223,IGHV1-3*01,1
201,IGHV3-7*03,13
61,IGHV4-31*03,2
60,IGHV3-7*03,16
114,IGHV3-49*04,1
245,IGHV4-31*03,7
216,IGHV3-30*03,1
75,IGHV3-66*01,2
156,IGHV1-2*02,2
241,IGHV4-59*08,2
272,IGHV3-66*01,1
224,IGHV4-30-2*05,1
247,IGHV3-43*02,2
112,IGHV4-34*01,2
148,IGHV1-2*02,1
104,IGHV3-30*03,2
250,IGHV3-66*03,2
201,IGHV3-48*03,1
204,IGHV1-2*02,31
91,IGHV4-61*01,8
162,IGHV3-20*01,1
11,IGHV3-74*01,1
89,IGHV1-69*04+G278T,2
132,IGHV4-30-2*05,3
72,IGHV3-74*01,4
123,IGHV4-39*01+G281C,1
61,IGHV1-24*01,2
170,IGHV3-15*01,7
12,IGHV3-30*03,2
86,IGHV4-39*01,1
218,IGHV1-2*02,1
225,IGHV3-NL1*01,3
96,IGHV3-49*04,1
151,IGHV3-66*03,2
220,IGHV1-69*04+G278T,1
231,IGHV4-61*01,1
196,IGHV4-59*08,3
139,IGHV3-74*01,1
260,IGHV4-61*01,1
90,IGHV1-18*04+G278A,5
171,IGHV1-69*04,1
170,IGHV1-69*04,2
139,IGHV5-51*01,1
51,IGHV4-31*03,1
35,IGHV3-23*04,1
44,IGHV3-30*03,2
227,IGHV1-18*04,1
207,IGHV1-2*02,10
213,IGHV3-64*04,4
153,IGHV3-23*04,4
88,IGHV3-7*03,5
129,IGHV3-30*03,1
179,IGHV3-49*04,1
161,IGHV1-69*04+G278T,3
224,IGHV4-61*01,1
2,IGHV1-69*04,1
255,IGHV1-2*02,2
234,IGHV3-NL1*01,5
161,IGHV3-7*03,6
72,IGHV3-7*03,17
87,IGHV4-61*02,2
75,IGHV4-39*01,6
195,IGHV3-49*04,8
203,IGHV4-34*01,1
232,IGHV3-43*02,6
111,IGHV1-2*02,1
134,IGHV1-18*04,5
143,IGHV1-69*04+G278T,1
228,IGHV4-34*01,2
161,IGHV3-30*03,17
267,IGHV4-31*03,1
153,IGHV4-34*01,5
188,IGHV3-7*03,2
99,IGHV3-7*03,4
47,IGHV3-7*03,1
94,IGHV3-23*04,2
139,IGHV4-59*08,7
49,IGHV3-30*03,2
135,IGHV1-3*01,1
86,IGHV3-15*01,5
195,IGHV1-24*01,1
137,IGHV4-39*01+G281C,2
222,IGHV4-61*01,1
176,IGHV3-49*04,10
143,IGHV1-3*01,1
129,IGHV4-61*02,1
42,IGHV1-2*02,3
53,IGHV1-18*04+G278A,4
70,IGHV1-18*04+G278A,1
191,IGHV1-2*02,3
224,IGHV4-34*01,8
33,IGHV1-18*04+G278A,4
125,IGHV4-61*02,1
47,IGHV3-48*03,1
180,IGHV1-46*01,1
185,IGHV1-69*04,5
81,IGHV3-30*03,16
134,IGHV4-61*01,1
176,IGHV1-18*04,2
155,IGHV1-18*04+G278A,1
163,IGHV1-24*01,2
190,IGHV4-34*01,2
244,IGHV3-NL1*01,1
136,IGHV3-21*01,2
29,IGHV4-39*01,1
17,IGHV1-69*04,1
0,IGHV1-2*02,49
199,IGHV3-43*02,2
136,IGHV3-15*01,1
142,IGHV4-61*02,1
42,IGHV1-69*04,1
87,IGHV1-46*01,1
206,IGHV4-30-2*05,1
133,IGHV1-18*04+G278A,5
30,IGHV4-34*01,1
83,IGHV4-31*03,1
70,IGHV3-66*01,1
214,IGHV3-30*03,11
185,IGHV4-31*03,1
75,IGHV3-7*03,8
27,IGHV1-69*04,3
234,IGHV1-2*02,1
142,IGHV3-73*01,1
115,IGHV4-34*01,3
266,IGHV4-59*08,1
226,IGHV1-2*02,4
149,IGHV3-23*04,5
163,IGHV3-21*01,1
94,IGHV3-43*02,1
17,IGHV1-24*01,1
148,IGHV4-59*08,1
167,IGHV4-39*01,4
8,IGHV4-61*02,1
155,IGHV4-39*01,1
2,IGHV3-48*03,1
179,IGHV1-18*04,1
192,IGHV1-2*02,19
236,IGHV3-66*01,1
184,IGHV1-2*02,2
180,IGHV5-10-1*01,7
147,IGHV4-31*03,3
273,IGHV4-34*01,2
221,IGHV3-15*01,2
26,IGHV3-30*03,8
74,IGHV3-23*04,3
46,IGHV4-34*01,34
142,IGHV1-2*02,2
199,IGHV4-39*01+G281C,1
155,IGHV4-34*01,1
29,IGHV1-2*02,4
192,IGHV3-23*04,1
89,IGHV5-51*01,2
68,IGHV3-21*01,1
95,IGHV4-39*01,1
181,IGHV1-18*04,2
98,IGHV1-69*04+G278T,1
232,IGHV3-NL1*01,3
55,IGHV3-49*04,1
86,IGHV3-23*04,1
264,IGHV1-2*02,1
142,IGHV3-43*02,5
205,IGHV1-18*04,1
114,IGHV4-59*08,6
237,IGHV5-10-1*01,6
132,IGHV3-49*04,8
211,IGHV4-61*02,2
71,IGHV3-49*04,3
49,IGHV1-69*04+G278T,3
147,IGHV4-59*10,1
142,IGHV6-1*01,1
264,IGHV6-1*01,1
111,IGHV1-69*04+G278T,3
221,IGHV3-48*03,2
64,IGHV1-69*04,3
225,IGHV3-23*04,4
192,IGHV4-30-2*05,1
199,IGHV3-66*01,1
110,IGHV3-30*03,2
31,IGHV1-69*04+G278T,2
253,IGHV3-NL1*01,1
188,IGHV4-39*01+G281C,3
176,IGHV3-NL1*01,1
71,IGHV1-18*04+G278A,4
0,IGHV3-30*03,38
99,IGHV5-10-1*01,7
87,IGHV3-43*02,2
49,IGHV3-48*03,1
191,IGHV4-59*08,31
51,IGHV1-18*04,3
207,IGHV3-21*01,2
86,IGHV3-48*03,1
57,IGHV4-59*08,1
258,IGHV4-61*01,4
132,IGHV4-39*01,11
136,IGHV3-66*03,1
132,IGHV3-74*01,2
10,IGHV5-10-1*01,1
93,IGHV3-66*01,1
200,IGHV4-31*03,2
192,IGHV4-31*03,1
18,IGHV5-10-1*01,1
95,IGHV3-49*04,3
159,IGHV1-2*02,1
209,IGHV3-NL1*01,13
244,IGHV1-18*04+G278A,1
30,IGHV4-31*03,3
84,IGHV6-1*01,1
60,IGHV4-61*01,1
131,IGHV1-18*04,3
197,IGHV3-74*01,1
129,IGHV1-69*04,1
245,IGHV4-59*08,4
106,IGHV5-10-1*01,5
34,IGHV4-34*01,1
154,IGHV1-69*04,2
97,IGHV1-2*02,1
228,IGHV3-64*04,1
127,IGHV4-59*08,2
95,IGHV1-18*04,2
232,IGHV3-7*03,5
26,IGHV4-39*01+G281C,1
198,IGHV1-46*01,3
247,IGHV1-69*04+G278T,2
258,IGHV3-72*01,1
253,IGHV3-15*01,1
72,IGHV3-43*02,4
113,IGHV5-10-1*01,3
197,IGHV5-10-1*01,5
129,IGHV1-2*02,4
123,IGHV4-4*02,1
117,IGHV3-74*01,1
201,IGHV3-30*03,6
151,IGHV1-69*04,4
184,IGHV4-59*08,13
207,IGHV3-7*03,6
98,IGHV4-61*01,10
177,IGHV1-2*02,2
35,IGHV4-4*07,1
66,IGHV4-59*08,15
247,IGHV3-23*04,1
118,IGHV1-2*02,11
12,IGHV1-69*04+G278T,4
63,IGHV4-59*08,15
195,IGHV3-64*04,1
150,IGHV3-49*04,1
233,IGHV3-66*03,2
29,IGHV1-69*04+G278T,6
241,IGHV4-30-2*05,2
260,IGHV4-39*01,1
11,IGHV1-69-2*01,1
161,IGHV4-31*03,1
192,IGHV3-48*03,3
200,IGHV3-NL1*01,1
151,IGHV3-23*04,11
251,IGHV4-34*01,2
0,IGHV4-61*02,55
208,IGHV3-7*03,8
13,IGHV3-72*01,1
211,IGHV3-64*04,6
16,IGHV4-39*01,2
235,IGHV4-59*08,2
154,IGHV3-7*03,1
59,IGHV3-11*05,1
143,IGHV4-59*08,3
265,IGHV3-23*04,1
16,IGHV1-2*02,2
221,IGHV4-34*01,1
99,IGHV4-61*02,2
234,IGHV5-10-1*01,2
42,IGHV4-59*08,1
246,IGHV4-30-2*05,3
8,IGHV1-2*02,2
235,IGHV3-7*03,1
191,IGHV4-34*09,6
122,IGHV3-74*01,2
176,IGHV3-15*01,7
213,IGHV3-66*03,1
223,IGHV3-20*01,2
191,IGHV4-4*07,3
212,IGHV4-39*01,1
146,IGHV3-20*01,1
221,IGHV3-66*03,1
146,IGHV3-30*03,36
63,IGHV1-46*01,3
78,IGHV4-31*03,4
174,IGHV3-49*04,9
100,IGHV1-18*04+G278A,1
70,IGHV4-39*01,2
195,IGHV4-39*01,13
197,IGHV4-59*08,3
225,IGHV5-10-1*01,2
120,IGHV5-10-1*01,1
241,IGHV4-39*01,1
155,IGHV3-48*03,1
110,IGHV3-11*05,1
147,IGHV3-48*03,2
85,IGHV1-69*04,1
57,IGHV5-10-1*01,1
192,IGHV4-61*01,2
66,IGHV3-30*03,13
139,IGHV4-30-2*05,12
1,IGHV3-74*01,1
82,IGHV4-34*01,2
227,IGHV3-23*04,4
221,IGHV3-64*04,2
245,IGHV1-2*02,2
134,IGHV5-51*01,2
136,IGHV4-59*08,11
18,IGHV1-69*04+G278T,1
85,IGHV4-61*02,2
18,IGHV4-59*08,6
64,IGHV1-69*04+G278T,6
248,IGHV3-43*02,1
133,IGHV4-59*08,68
204,IGHV4-31*03,1
85,IGHV4-31*03,5
257,IGHV1-46*01,2
63,IGHV1-69*04,3
158,IGHV5-10-1*01,1
230,IGHV1-24*01,1
15,IGHV4-59*08,1
113,IGHV1-18*04,5
156,IGHV3-43*02,4
61,IGHV3-48*03,1
264,IGHV4-61*01,1
46,IGHV1-18*04,8
61,IGHV3-21*01,1
224,IGHV1-69*04+G278T,1
131,IGHV5-51*01,4
122,IGHV3-21*01,2
69,IGHV3-20*01,1
223,IGHV4-30-2*05,1
63,IGHV3-48*03,1
57,IGHV3-11*05,1
223,IGHV3-64*04,1
87,IGHV1-18*04,11
131,IGHV4-4*07,1
191,IGHV1-46*01,1
245,IGHV4-61*02,3
237,IGHV3-NL1*01,1
188,IGHV3-66*03,1
224,IGHV3-64*04,1
150,IGHV4-61*01,1
227,IGHV3-48*01,3
56,IGHV3-23*04,4
148,IGHV1-8*01,1
193,IGHV1-18*04,9
69,IGHV4-59*08,21
153,IGHV1-69*04+G278T,2
47,IGHV4-34*01,16
259,IGHV3-43*02,1
175,IGHV1-46*01,1
11,IGHV3-48*03,1
81,IGHV3-11*05,1
73,IGHV1-24*01,1
22,IGHV1-69*04+G278T,1
194,IGHV3-20*01,1
161,IGHV4-34*01,5
53,IGHV3-49*04,5
142,IGHV4-59*08,4
230,IGHV3-72*01,3
150,IGHV4-34*01,10
7,IGHV1-18*04,1
5,IGHV3-7*03,5
244,IGHV3-66*03,3
8,IGHV4-59*08,2
193,IGHV4-61*01,8
115,IGHV3-23*04,1
192,IGHV4-4*02,1
228,IGHV3-66*03,2
249,IGHV4-34*01,1
133,IGHV1-3*01,1
122,IGHV1-18*04+G278A,6
233,IGHV3-23*04,2
8,IGHV3-7*03,10
71,IGHV4-4*07,1
240,IGHV4-31*03,6
14,IGHV4-4*02,1
210,IGHV4-39*01,2
103,IGHV1-69*04+G278T,2
189,IGHV3-66*01,6
128,IGHV3-30*03,6
155,IGHV5-51*01,2
231,IGHV1-2*02,5
84,IGHV4-31*03,6
163,IGHV4-39*01,1
78,IGHV1-69*04+G278T,1
231,IGHV3-64*04,1
40,IGHV4-34*01,2
135,IGHV1-69*04,3
198,IGHV1-18*04+G278A,2
204,IGHV3-48*01,1
65,IGHV1-18*04,4
155,IGHV3-66*03,3
198,IGHV1-69*04,3
197,IGHV1-69*04,3
65,IGHV3-30*03,1
90,IGHV1-18*04,6
121,IGHV1-69*04,1
17,IGHV3-30*03,1
223,IGHV1-69*04,2
254,IGHV1-18*04,1
273,IGHV3-66*03,1
207,IGHV3-66*03,3
204,IGHV3-7*03,12
100,IGHV1-69*04,1
63,IGHV3-7*03,20
18,IGHV1-2*02,3
6,IGHV1-46*01,1
167,IGHV4-34*01,7
10,IGHV1-2*02,5
39,IGHV1-18*04,2
249,IGHV3-15*01,1
178,IGHV4-59*08,1
262,IGHV3-30*03,1
162,IGHV4-59*08,2
122,IGHV1-2*02,16
240,IGHV4-61*01,6
74,IGHV3-7*03,2
255,IGHV4-34*01,1
150,IGHV3-30*03,6
190,IGHV1-18*04,6
75,IGHV3-11*05,2
238,IGHV4-34*01,5
78,IGHV4-39*01+G281C,1
162,IGHV1-24*01,1
224,IGHV1-2*02,3
220,IGHV4-39*01,1
42,IGHV3-15*01,1
64,IGHV3-7*03,29
81,IGHV1-24*01,1
171,IGHV1-69*04+G278T,2
203,IGHV3-49*04,15
95,IGHV4-34*01,1
182,IGHV3-30*03,3
259,IGHV4-30-2*05,2
69,IGHV1-2*02,3
190,IGHV4-30-2*05,5
202,IGHV1-2*02,10
216,IGHV4-59*08,1
132,IGHV3-11*01,1
70,IGHV3-30*03,6
158,IGHV3-49*04,2
155,IGHV3-11*05,1
237,IGHV1-69*04,1
39,IGHV3-7*03,17
105,IGHV4-59*08,5
218,IGHV3-30*03,1
211,IGHV4-39*01+G281C,1
196,IGHV3-66*03,2
27,IGHV1-2*02,5
246,IGHV3-49*04,4
87,IGHV3-21*01,1
92,IGHV4-4*02,1
151,IGHV3-15*01,9
219,IGHV1-24*01,3
126,IGHV1-18*04,2
132,IGHV3-21*01,4
41,IGHV4-34*01,1
120,IGHV3-21*01,1
187,IGHV3-30*03,8
191,IGHV3-7*03,2
85,IGHV4-39*01,4
34,IGHV3-7*03,6
5,IGHV1-2*02,1
193,IGHV4-34*09,2
127,IGHV4-61*02,7
88,IGHV3-43*02,1
253,IGHV1-2*02,1
126,IGHV3-21*01,9
81,IGHV4-61*01,1
58,IGHV3-73*01,1
84,IGHV1-18*04,13
80,IGHV1-69*04+G278T,3
219,IGHV3-30*03,1
90,IGHV1-24*01,1
39,IGHV4-61*02,7
61,IGHV3-7*03,4
259,IGHV4-39*01+G281C,1
88,IGHV1-46*01,1
221,IGHV3-21*01,2
219,IGHV1-2*02,11
260,IGHV3-20*01,1
214,IGHV3-48*03,3
241,IGHV4-61*01,1
187,IGHV5-10-1*01,6
72,IGHV1-46*01,2
4,IGHV4-31*03,3
271,IGHV5-10-1*01,1
258,IGHV3-43*02,3
268,IGHV4-61*02,1
231,IGHV4-39*01,2
64,IGHV1-24*01,1
247,IGHV1-18*04+G278A,1
41,IGHV3-7*03,7
48,IGHV4-4*02,1
117,IGHV3-23*04,1
78,IGHV3-7*03,13
126,IGHV1-69*04+G278T,1
235,IGHV3-23*04,2
66,IGHV3-49*04,1
167,IGHV1-24*01,1
47,IGHV3-30*03,2
153,IGHV3-43*02,3
119,IGHV3-23*04,7
210,IGHV5-10-1*01,1
3,IGHV1-69*04,1
86,IGHV5-10-1*01,1
158,IGHV3-15*01,3
26,IGHV4-31*03,3
14,IGHV1-2*02,1
54,IGHV3-48*01,1
222,IGHV4-31*03,1
204,IGHV3-72*01,1
38,IGHV1-69*04+G278T,8
146,IGHV3-49*04,1
92,IGHV1-69*04+G278T,31
264,IGHV4-34*01,1
269,IGHV4-34*09,1
13,IGHV4-39*01,1
37,IGHV3-7*03,14
139,IGHV3-23*04,2
1,IGHV4-39*01,2
91,IGHV1-69*04,2
137,IGHV4-61*01,3
138,IGHV4-4*07,1
257,IGHV3-23*04,3
70,IGHV4-59*08,1
59,IGHV1-46*01,1
164,IGHV3-30*03,22
170,IGHV3-72*01,2
154,IGHV3-43*02,1
244,IGHV1-24*01,1
150,IGHV3-73*01,1
256,IGHV4-39*01,1
148,IGHV1-69*04,2
264,IGHV3-72*01,1
145,IGHV3-21*01,2
87,IGHV1-69*04,3
33,IGHV5-10-1*01,2
222,IGHV3-21*01,2
52,IGHV3-48*03,2
77,IGHV4-39*01,7
105,IGHV1-2*02,3
84,IGHV3-30*03,22
120,IGHV3-7*03,2
48,IGHV5-10-1*01,4
12,IGHV4-59*08,1
186,IGHV4-39*01,1
194,IGHV4-34*09,2
168,IGHV3-43*02,2
187,IGHV3-64*04,1
3,IGHV4-31*03,1
257,IGHV3-11*05,2
142,IGHV3-66*01,1
77,IGHV1-18*04+G278A,1
93,IGHV5-51*01,1
87,IGHV3-11*05,1
182,IGHV1-69*04,6
181,IGHV1-69*04,3
130,IGHV4-34*01,1
55,IGHV3-21*01,1
48,IGHV4-31*03,1
132,IGHV3-48*03,2
124,IGHV3-48*03,1
199,IGHV1-18*04,11
200,IGHV3-66*03,1
231,IGHV3-23*04,2
141,IGHV3-74*01,1
53,IGHV4-4*07,2
238,IGHV4-34*09,1
251,IGHV4-31*03,3
132,IGHV3-20*01,1
54,IGHV3-15*01,1
78,IGHV3-11*05,1
129,IGHV4-39*01,1
220,IGHV4-31*03,1
222,IGHV3-48*01,1
228,IGHV1-46*01,2
89,IGHV1-18*04,1
133,IGHV4-61*01,2
211,IGHV4-59*08,2
86,IGHV4-59*08,5
154,IGHV5-10-1*01,1
118,IGHV3-7*03,2
13,IGHV1-18*04+G278A,4
275,IGHV4-31*03,2
93,IGHV4-59*08,7
35,IGHV4-39*01+G281C,3
90,IGHV1-69*04+G278T,5
247,IGHV3-66*01,2
240,IGHV1-2*02,2
171,IGHV3-49*04,5
238,IGHV3-48*01,1
75,IGHV3-43*02,3
145,IGHV1-69*04,1
245,IGHV5-10-1*01,2
195,IGHV3-15*01,1
161,IGHV3-49*04,4
100,IGHV3-43*02,1
222,IGHV3-30*03,5
135,IGHV1-18*04,1
18,IGHV3-23*04,4
252,IGHV4-30-2*05,1
54,IGHV1-18*04,10
242,IGHV3-21*01,1
54,IGHV3-21*01,4
199,IGHV3-7*03,3
63,IGHV3-21*01,2
166,IGHV4-59*08,1
176,IGHV3-66*03,2
109,IGHV1-69*04+G278T,2
60,IGHV3-23*04,4
103,IGHV4-61*01,1
32,IGHV4-59*08,37
251,IGHV3-66*01,3
0,IGHV4-4*07,8
216,IGHV1-69*04+G278T,1
77,IGHV4-61*02,1
204,IGHV3-49*04,4
210,IGHV3-7*03,3
1,IGHV3-15*01,1
84,IGHV3-48*03,3
134,IGHV4-4*07,1
72,IGHV4-61*02,5
79,IGHV1-18*04,8
53,IGHV4-61*02,1
35,IGHV1-2*02,26
168,IGHV1-46*01,1
165,IGHV1-46*01,1
194,IGHV3-7*03,5
78,IGHV1-46*01,2
228,IGHV4-34*09,1
59,IGHV1-69*04+G278T,2
220,IGHV4-59*08,3
193,IGHV3-48*01,1
213,IGHV1-2*02,3
72,IGHV1-2*02,5
63,IGHV4-31*03,8
102,IGHV4-59*08,8
75,IGHV3-48*03,1
51,IGHV3-66*01,1
201,IGHV4-59*08,18
70,IGHV3-48*03,1
221,IGHV3-7*03,3
227,IGHV1-69*04+G278T,3
211,IGHV3-23*04,2
168,IGHV4-39*01,2
239,IGHV1-8*01,1
201,IGHV3-49*04,8
212,IGHV4-34*01,1
227,IGHV3-74*01,3
151,IGHV3-72*01,2
4,IGHV3-23*04,1
208,IGHV3-NL1*01,6
167,IGHV3-30*03,15
184,IGHV1-69*04,2
191,IGHV3-30*03,6
94,IGHV1-2*02,1
175,IGHV4-30-2*05,1
91,IGHV1-18*04,10
97,IGHV1-69*04+G278T,5
73,IGHV3-66*01,1
110,IGHV1-46*01,1
96,IGHV4-61*01,6
109,IGHV4-34*01,1
16,IGHV1-69*04,1
259,IGHV3-23*04,1
7,IGHV1-18*04+G278A,2
149,IGHV1-2*02,1
239,IGHV3-64*04,1
38,IGHV4-59*08,11
58,IGHV4-61*02,3
170,IGHV3-7*03,13
81,IGHV3-7*03,13
52,IGHV1-2*02,1
14,IGHV3-23*04,5
135,IGHV4-59*10,1
231,IGHV3-66*03,1
137,IGHV3-7*03,2
159,IGHV3-66*03,1
87,IGHV3-30*03,6
93,IGHV3-15*01,2
58,IGHV4-31*03,5
100,IGHV1-2*02,7
152,IGHV3-30*03,10
208,IGHV1-46*01,2
254,IGHV4-39*01,1
95,IGHV3-43*02,1
26,IGHV4-39*01,3
197,IGHV3-7*03,7
183,IGHV3-48*03,1
48,IGHV4-34*01,1
31,IGHV1-18*04+G278A,1
174,IGHV3-23*04,2
257,IGHV4-61*01,1
108,IGHV1-69*04+G278T,1
252,IGHV3-48*03,1
256,IGHV1-69*04+G278T,1
119,IGHV3-30*03,58
225,IGHV3-43*02,1
196,IGHV4-4*07,1
132,IGHV1-2*02,15
207,IGHV3-NL1*01,1
92,IGHV4-59*08,9
67,IGHV1-46*01,1
123,IGHV1-18*04+G278A,4
234,IGHV3-15*01,1
204,IGHV3-30*03,4
90,IGHV1-46*01,1
98,IGHV1-18*04,5
179,IGHV3-11*05,1
42,IGHV1-18*04+G278A,2
244,IGHV1-2*02,6
215,IGHV3-66*03,1
72,IGHV3-30*03,22
187,IGHV3-NL1*01,2
256,IGHV3-66*01,1
142,IGHV1-69*04+G278T,3
136,IGHV3-20*01,2
57,IGHV1-69*04+G278T,1
36,IGHV1-2*02,4
136,IGHV3-66*01,1
68,IGHV3-43*02,2
46,IGHV1-69*04,2
236,IGHV3-30*03,7
132,IGHV1-69*04,2
71,IGHV1-69*04,8
233,IGHV1-69*04+G278T,2
24,IGHV3-7*03,2
172,IGHV4-59*08,1
228,IGHV3-7*03,1
124,IGHV3-30*03,4
13,IGHV5-51*01,1
104,IGHV3-21*01,1
153,IGHV4-59*08,1
113,IGHV1-2*02,9
214,IGHV4-34*01,1
145,IGHV1-69*04+G278T,1
35,IGHV4-59*08,31
56,IGHV3-20*01,1
220,IGHV4-34*01,1
112,IGHV3-43*02,2
164,IGHV4-34*01,2
64,IGHV3-20*01,3
118,IGHV4-61*01,3
188,IGHV4-61*01,1
45,IGHV4-61*02,2
250,IGHV1-18*04,1
95,IGHV1-2*02,3
167,IGHV1-69*04,1
239,IGHV3-7*03,2
208,IGHV4-61*02,1
197,IGHV3-15*01,3
54,IGHV4-34*01,5
53,IGHV4-34*01,5
250,IGHV3-23*04,1
61,IGHV3-49*04,1
252,IGHV3-NL1*01,2
171,IGHV4-39*01+G281C,2
260,IGHV4-39*01+G281C,1
211,IGHV3-30*03,1
4,IGHV4-34*01,1
159,IGHV3-43*02,1
149,IGHV3-30*03,4
12,IGHV1-46*01,1
126,IGHV3-74*01,1
246,IGHV4-59*08,2
154,IGHV4-39*01,1
161,IGHV5-10-1*01,2
258,IGHV3-NL1*01,1
18,IGHV4-39*01,1
0,IGHV3-7*03,232
146,IGHV1-69*04,5
86,IGHV1-69*04,2
184,IGHV3-15*01,1
240,IGHV1-69*04,1
134,IGHV4-34*01,2
167,IGHV1-2*02,15
240,IGHV3-7*03,6
46,IGHV4-39*01+G281C,6
271,IGHV4-31*03,1
0,IGHV4-34*01,121
53,IGHV3-23*04,36
124,IGHV3-21*01,1
146,IGHV3-21*01,2
223,IGHV3-21*01,2
222,IGHV4-34*01,2
204,IGHV4-4*02,1
170,IGHV3-30*03,7
5,IGHV4-31*03,3
44,IGHV4-59*08,85
11,IGHV3-7*03,2
126,IGHV3-7*03,3
230,IGHV3-43*02,1
213,IGHV3-23*04,4
189,IGHV4-59*08,31
240,IGHV4-34*09,2
79,IGHV5-51*01,2
192,IGHV3-11*05,2
106,IGHV4-39*01,1
233,IGHV4-61*01,1
107,IGHV3-66*03,1
197,IGHV1-18*04,6
142,IGHV3-49*04,2
58,IGHV3-15*01,4
114,IGHV4-61*02,2
12,IGHV1-3*01,1
41,IGHV3-48*01,1
58,IGHV3-48*03,1
207,IGHV1-46*01,1
210,IGHV4-59*08,3
73,IGHV4-34*01,1
133,IGHV3-15*01,7
145,IGHV4-61*01,4
16,IGHV1-24*01,1
278,IGHV4-31*03,1
75,IGHV1-69*04+G278T,9
155,IGHV3-30*03,9
251,IGHV1-8*01,1
254,IGHV3-15*01,1
168,IGHV1-2*02,4
269,IGHV4-59*08,1
229,IGHV1-2*02,1
143,IGHV4-39*01,1
232,IGHV3-48*01,1
275,IGHV3-NL1*01,2
160,IGHV1-46*01,2
138,IGHV4-39*01,12
0,IGHV3-23*04,41
59,IGHV3-43*02,1
146,IGHV3-48*03,5
175,IGHV3-49*04,1
134,IGHV3-23*04,5
80,IGHV4-31*03,2
138,IGHV3-48*03,1
133,IGHV1-18*04,29
102,IGHV3-7*03,2
57,IGHV3-73*01,1
42,IGHV3-43*02,2
195,IGHV4-30-2*05,5
261,IGHV1-2*02,3
70,IGHV1-24*01,1
191,IGHV5-51*01,2
272,IGHV3-30*03,2
1,IGHV4-61*02,6
210,IGHV4-39*01+G281C,1
75,IGHV3-30*03,35
160,IGHV3-23*04,2
60,IGHV3-15*01,2
113,IGHV1-69*04+G278T,3
174,IGHV4-59*08,1
198,IGHV4-59*08,6
163,IGHV3-66*03,1
58,IGHV4-39*01,5
88,IGHV1-18*04+G278A,1
29,IGHV3-48*03,1
0,IGHV1-69*04,17
66,IGHV4-39*01,4
241,IGHV3-21*01,1
87,IGHV4-59*08,9
95,IGHV1-69*04+G278T,5
186,IGHV3-48*03,1
200,IGHV4-34*01,1
230,IGHV1-46*01,1
192,IGHV3-30*03,17
201,IGHV3-15*01,5
101,IGHV3-23*04,1
73,IGHV4-39*01,4
187,IGHV4-39*01,1
231,IGHV3-21*01,1
219,IGHV3-23*04,2
179,IGHV1-18*04+G278A,1
236,IGHV3-21*01,1
213,IGHV3-30*03,1
251,IGHV1-18*04,1
72,IGHV3-66*01,2
41,IGHV3-21*01,1
81,IGHV3-72*01,1
204,IGHV3-11*05,1
259,IGHV4-59*08,1
204,IGHV4-39*01,2
245,IGHV4-39*01,8
84,IGHV1-69*04,9
87,IGHV4-34*01,1
53,IGHV3-7*03,111
145,IGHV4-31*03,3
132,IGHV3-30*03,48
260,IGHV1-2*02,2
91,IGHV5-51*01,2
58,IGHV3-7*03,17
248,IGHV3-NL1*01,1
140,IGHV4-30-2*05,1
2,IGHV5-51*01,1
133,IGHV3-74*01,3
93,IGHV3-49*04,2
19,IGHV4-39*01,1
119,IGHV3-73*01,1
132,IGHV3-7*03,6
25,IGHV1-2*02,14
250,IGHV4-31*03,1
241,IGHV3-66*01,2
257,IGHV3-7*03,3
48,IGHV3-21*01,1
246,IGHV4-39*01+G281C,3
83,IGHV3-21*01,1
202,IGHV3-11*05,1
203,IGHV3-NL1*01,2
80,IGHV4-59*08,15
50,IGHV3-66*01,1
194,IGHV1-18*04,1
73,IGHV1-2*02,20
164,IGHV3-15*01,3
118,IGHV1-69*04,2
52,IGHV3-30*03,25
133,IGHV5-10-1*01,1
255,IGHV3-66*01,1
129,IGHV4-30-2*05,3
60,IGHV4-30-2*05,3
225,IGHV4-59*08,2
53,IGHV3-74*01,5
137,IGHV3-30*03,2
133,IGHV1-24*01,1
173,IGHV4-31*03,3
11,IGHV1-69*04,12
230,IGHV3-NL1*01,2
109,IGHV1-18*04+G278A,6
90,IGHV3-49*04,4
36,IGHV1-69*04,1
109,IGHV5-51*01,1
135,IGHV4-34*01,1
141,IGHV4-59*08,3
53,IGHV3-21*01,5
55,IGHV3-23*04,5
240,IGHV3-43*02,4
147,IGHV3-64*04,1
99,IGHV1-69*04,1
98,IGHV1-69*04,1
217,IGHV1-2*02,9
236,IGHV3-NL1*01,3
95,IGHV4-61*01,2
205,IGHV4-34*09,1
138,IGHV4-59*08,6
271,IGHV4-39*01+G281C,1
238,IGHV3-7*03,2
54,IGHV1-46*01,2
0,IGHV3-48*03,6
85,IGHV1-69*04+G278T,3
57,IGHV3-30*03,2
262,IGHV3-43*02,1
39,IGHV4-59*08,5
227,IGHV3-64*04,1
215,IGHV3-23*04,1
64,IGHV4-61*02,8
38,IGHV1-46*01,1
223,IGHV3-48*03,2
243,IGHV5-10-1*01,1
123,IGHV3-49*04,1
221,IGHV3-30*03,5
45,IGHV1-18*04+G278A,1
81,IGHV4-30-2*05,4
122,IGHV3-66*03,1
118,IGHV4-31*03,2
89,IGHV3-30*03,4
157,IGHV4-34*01,1
240,IGHV3-66*03,1
203,IGHV1-18*04,2
155,IGHV1-24*01,1
260,IGHV3-7*03,1
171,IGHV3-7*03,3
228,IGHV1-18*04,1
55,IGHV3-11*05,1
219,IGHV1-69*04+G278T,3
252,IGHV4-39*01,1
234,IGHV4-59*08,13
63,IGHV1-3*01,1
237,IGHV3-7*03,1
61,IGHV1-3*01,1
116,IGHV4-59*08,6
166,IGHV3-15*01,2
2,IGHV3-23*04,1
39,IGHV5-51*01,1
66,IGHV3-11*05,1
260,IGHV3-49*04,3
97,IGHV4-59*08,2
113,IGHV1-69*04,1
188,IGHV4-39*01,9
146,IGHV3-74*01,1
32,IGHV4-4*07,1
77,IGHV1-3*01,1
105,IGHV1-18*04,1
219,IGHV3-48*03,1
263,IGHV3-7*03,1
156,IGHV3-23*04,5
135,IGHV3-11*05,1
198,IGHV3-49*04,2
252,IGHV3-7*03,1
211,IGHV3-48*03,1
162,IGHV3-23*04,4
210,IGHV4-61*01,1
188,IGHV3-49*04,1
250,IGHV4-30-2*05,1
146,IGHV1-18*04,4
257,IGHV4-30-2*05,1
18,IGHV4-34*01,2
167,IGHV3-66*03,1
104,IGHV5-51*01,1
29,IGHV4-59*08,7
155,IGHV4-31*03,1
143,IGHV3-49*04,3
176,IGHV1-2*02,6
6,IGHV3-7*03,2
59,IGHV4-59*08,4
231,IGHV3-11*01,2
240,IGHV4-59*08,6
234,IGHV3-66*01,1
203,IGHV3-15*01,7
231,IGHV3-49*04,3
179,IGHV1-69*04+G278T,8
73,IGHV5-10-1*01,2
81,IGHV5-51*01,2
53,IGHV3-43*02,6
221,IGHV3-23*04,3
17,IGHV3-7*03,12
160,IGHV4-39*01,1
213,IGHV3-15*01,1
137,IGHV4-39*01,2
22,IGHV4-39*01+G281C,1
197,IGHV4-39*01+G281C,2
58,IGHV3-43*02,1
46,IGHV4-61*01,2
247,IGHV4-59*08,1
106,IGHV4-59*08,9
190,IGHV4-4*07,1
243,IGHV5-51*01,1
175,IGHV3-43*02,1
36,IGHV4-31*03,10
254,IGHV3-66*01,3
235,IGHV1-2*02,3
174,IGHV3-48*03,2
197,IGHV3-11*05,2
212,IGHV3-49*04,1
173,IGHV4-61*01,2
173,IGHV3-NL1*01,1
0,IGHV5-51*01,5
25,IGHV1-3*01,1
120,IGHV3-23*04,1
217,IGHV1-69*04+G278T,2
239,IGHV4-34*01,11
155,IGHV1-18*04,2
254,IGHV3-23*04,3
194,IGHV3-64*04,3
191,IGHV3-64*04,2
180,IGHV1-18*04,8
201,IGHV3-64*04,4
162,IGHV1-46*01,4
63,IGHV1-18*04+G278A,1
225,IGHV3-64*04,3
8,IGHV3-30*03,3
60,IGHV3-49*04,6
236,IGHV3-48*03,2
197,IGHV3-66*01,3
68,IGHV4-59*08,5
224,IGHV3-11*01,1
183,IGHV4-59*08,17
0,IGHV3-66*03,1
254,IGHV4-31*03,1
172,IGHV3-30*03,5
68,IGHV1-69*04,3
49,IGHV4-59*08,1
47,IGHV4-61*02,6
74,IGHV1-18*04+G278A,2
60,IGHV3-21*01,3
212,IGHV1-2*02,1
138,IGHV3-66*03,1
63,IGHV4-39*01+G281C,2
40,IGHV3-30*03,1
258,IGHV4-39*01,1
249,IGHV4-61*01,1
270,IGHV4-34*01,1
127,IGHV1-2*02,3
259,IGHV3-7*03,1
41,IGHV3-23*04,1
197,IGHV4-61*02,5
193,IGHV4-34*01,12
54,IGHV1-3*01,1
148,IGHV3-7*03,5
201,IGHV3-66*01,7
68,IGHV3-7*03,12
22,IGHV4-39*01,1
151,IGHV4-39*01+G281C,1
73,IGHV4-31*03,2
248,IGHV3-23*04,7
263,IGHV4-59*08,2
186,IGHV5-51*01,1
215,IGHV4-31*03,1
237,IGHV4-59*08,2
126,IGHV3-20*01,1
92,IGHV3-30*03,7
124,IGHV4-31*03,2
25,IGHV4-34*01,5
103,IGHV4-31*03,1
148,IGHV4-39*01+G281C,1
26,IGHV3-43*02,1
125,IGHV1-18*04,1
169,IGHV3-15*01,1
225,IGHV1-69*04,1
9,IGHV4-39*01+G281C,1
15,IGHV1-2*02,2
72,IGHV3-21*01,2
204,IGHV1-69*04,1
80,IGHV3-43*02,3
151,IGHV3-49*04,2
46,IGHV1-69*04+G278T,8
63,IGHV1-2*02,4
251,IGHV4-59*08,1
209,IGHV3-30*03,10
102,IGHV4-61*02,1
0,IGHV3-11*05,2
82,IGHV1-69*04,3
87,IGHV3-64*04,1
139,IGHV4-39*01+G281C,2
199,IGHV4-59*08,1
58,IGHV4-59*08,42
238,IGHV4-4*07,2
17,IGHV3-74*01,1
176,IGHV3-7*03,1
197,IGHV3-NL1*01,12
60,IGHV5-51*01,1
106,IGHV4-61*02,2
164,IGHV3-21*01,1
241,IGHV3-30*03,1
61,IGHV1-18*04,4
228,IGHV3-NL1*01,2
214,IGHV3-21*01,4
249,IGHV4-30-2*05,1
87,IGHV1-2*02,11
64,IGHV3-72*01,1
197,IGHV4-31*03,12
134,IGHV4-39*01,2
256,IGHV4-59*08,1
131,IGHV4-59*10,1
204,IGHV3-64*04,9
106,IGHV1-2*02,10
164,IGHV3-23*04,10
230,IGHV3-64*04,1
157,IGHV4-30-2*05,1
65,IGHV4-34*01,1
98,IGHV1-2*02,6
150,IGHV3-74*01,3
37,IGHV3-30*03,4
231,IGHV4-31*03,1
135,IGHV4-59*08,1
79,IGHV3-74*01,1
209,IGHV4-34*01,2
235,IGHV4-34*01,1
37,IGHV3-23*04,1
185,IGHV5-10-1*01,4
141,IGHV1-18*04,5
1,IGHV4-59*08,15
261,IGHV3-NL1*01,1
64,IGHV1-2*02,26
67,IGHV3-48*03,1
183,IGHV4-34*09,2
130,IGHV1-2*02,1
56,IGHV1-2*02,9
82,IGHV4-31*03,2
69,IGHV3-30*03,2
107,IGHV4-61*01,1
97,IGHV1-69*04,4
271,IGHV4-61*01,4
197,IGHV3-21*01,4
178,IGHV1-2*02,3
70,IGHV3-74*01,1
154,IGHV3-30*03,14
95,IGHV3-7*03,2
223,IGHV3-23*04,4
146,IGHV3-43*02,3
27,IGHV4-34*01,2
92,IGHV1-18*04+G278A,1
141,IGHV4-34*01,1
92,IGHV4-61*02,3
38,IGHV3-30*03,4
78,IGHV4-39*01,5
192,IGHV3-43*02,6
213,IGHV1-46*01,1
242,IGHV3-7*03,4
177,IGHV3-72*01,1
233,IGHV4-34*01,2
212,IGHV4-59*08,2
101,IGHV3-7*03,2
70,IGHV1-18*04,3
263,IGHV4-34*09,1
80,IGHV3-73*01,1
204,IGHV4-34*09,2
136,IGHV1-2*02,8
186,IGHV3-30*03,6
77,IGHV1-18*04,5
258,IGHV1-2*02,1
268,IGHV4-61*01,1
252,IGHV4-59*10,1
74,IGHV3-30*03,7
122,IGHV3-23*04,3
141,IGHV4-30-2*05,1
158,IGHV1-46*01,1
130,IGHV4-39*01+G281C,1
39,IGHV1-69-2*01,1
237,IGHV1-2*02,8
28,IGHV1-18*04,6
103,IGHV4-61*02,1
128,IGHV4-59*08,23
200,IGHV4-39*01,2
3,IGHV3-7*03,4
150,IGHV1-18*04,4
10,IGHV4-59*08,2
263,IGHV3-66*03,1
182,IGHV3-11*05,1
0,IGHV3-43*02,3
196,IGHV4-31*03,2
20,IGHV3-43*02,1
48,IGHV1-69*04+G278T,10
61,IGHV5-10-1*01,1
113,IGHV3-48*03,1
213,IGHV3-72*01,2
13,IGHV1-18*04,1
84,IGHV3-49*04,2
86,IGHV1-24*01,1
162,IGHV3-15*01,3
32,IGHV3-21*01,4
123,IGHV4-61*01,2
30,IGHV3-23*04,1
120,IGHV4-39*01,1
231,IGHV4-30-2*05,2
222,IGHV1-46*01,1
43,IGHV3-23*04,1
236,IGHV3-74*01,1
185,IGHV3-66*03,1
239,IGHV3-30*03,2
168,IGHV4-30-2*05,2
203,IGHV5-10-1*01,2
214,IGHV1-2*02,8
140,IGHV4-39*01+G281C,2
246,IGHV4-61*02,2
88,IGHV1-18*04,3
264,IGHV4-39*01+G281C,2
252,IGHV4-39*01+G281C,1
84,IGHV3-43*02,2
203,IGHV3-23*04,2
207,IGHV1-69*04+G278T,2
158,IGHV4-61*02,2
147,IGHV3-74*01,1
74,IGHV3-73*01,1
234,IGHV3-64*04,3
65,IGHV1-24*01,1
80,IGHV3-30*03,15
126,IGHV3-66*03,2
227,IGHV4-34*01,2
176,IGHV1-69*04,3
60,IGHV1-69*04+G278T,20
122,IGHV1-46*01,3
264,IGHV5-51*01,1
239,IGHV3-23*03,1
1,IGHV1-2*02,3
105,IGHV3-7*03,1
17,IGHV3-21*01,2
33,IGHV1-24*01,1
249,IGHV1-2*02,2
45,IGHV3-49*04,3
184,IGHV3-66*01,4
0,IGHV5-10-1*01,18
122,IGHV3-43*02,1
193,IGHV4-39*01,5
184,IGHV4-34*09,6
247,IGHV4-61*01,1
89,IGHV3-7*03,5
145,IGHV1-24*01,1
53,IGHV4-59*08,19
92,IGHV4-31*03,1
16,IGHV3-49*04,2
204,IGHV4-59*10,1
195,IGHV5-51*01,1
153,IGHV1-18*04,2
192,IGHV3-64*04,2
242,IGHV5-51*01,3
88,IGHV5-10-1*01,1
191,IGHV1-24*01,1
197,IGHV3-64*04,8
181,IGHV3-30*03,5
41,IGHV1-69*04+G278T,35
72,IGHV5-10-1*01,2
247,IGHV3-64*04,2
116,IGHV1-69*04+G278T,1
52,IGHV3-64*04,1
41,IGHV1-69*04,5
194,IGHV1-18*04+G278A,1
160,IGHV4-59*08,1
185,IGHV1-2*02,12
52,IGHV1-18*04,1
39,IGHV3-23*04,9
107,IGHV4-59*08,1
145,IGHV4-30-2*05,1
28,IGHV1-69*04+G278T,16
46,IGHV1-18*04+G278A,6
93,IGHV4-34*01,11
156,IGHV4-31*03,4
204,IGHV3-20*01,1
35,IGHV1-24*01,1
221,IGHV1-18*04+G278A,1
134,IGHV3-21*01,2
44,IGHV4-34*01,26
147,IGHV5-10-1*01,4
38,IGHV1-69*04,2
189,IGHV4-61*01,11
204,IGHV3-43*02,2
53,IGHV3-73*01,1
188,IGHV1-69*04+G278T,3
32,IGHV3-7*03,19
270,IGHV3-30*03,1
239,IGHV3-NL1*01,1
112,IGHV3-21*01,2
58,IGHV3-74*01,1
250,IGHV4-39*01+G281C,1
158,IGHV3-30*03,2
96,IGHV4-39*01+G281C,1
67,IGHV3-11*05,1
82,IGHV3-23*04,1
152,IGHV4-61*01,2
63,IGHV3-20*01,2
58,IGHV1-69*04+G278T,3
191,IGHV3-66*03,2
135,IGHV3-7*03,2
102,IGHV5-10-1*01,5
115,IGHV3-21*01,2
109,IGHV3-30*03,6
274,IGHV4-61*01,1
124,IGHV3-23*04,3
190,IGHV3-30*03,3
128,IGHV4-39*01+G281C,1
197,IGHV4-30-2*05,11
242,IGHV3-23*04,1
55,IGHV5-51*01,1
64,IGHV4-4*07,1
24,IGHV1-69*04+G278T,16
118,IGHV1-46*01,2
91,IGHV4-31*03,2
78,IGHV3-30*03,13
6,IGHV5-51*01,1
147,IGHV3-11*05,1
146,IGHV1-69*04+G278T,6
13,IGHV3-30*03,4
14,IGHV4-31*03,1
77,IGHV1-69*04+G278T,25
255,IGHV1-18*04,1
22,IGHV3-48*03,1
147,IGHV1-18*04,4
6,IGHV4-39*01,1
123,IGHV1-69*04+G278T,5
5,IGHV4-59*08,4
26,IGHV3-48*03,1
153,IGHV1-24*01,4
210,IGHV3-66*03,1
123,IGHV3-7*03,3
128,IGHV4-61*02,3
216,IGHV5-10-1*01,1
230,IGHV5-51*01,1
223,IGHV3-43*02,2
188,IGHV1-18*04,4
249,IGHV5-10-1*01,1
90,IGHV6-1*01,1
126,IGHV3-48*03,5
2,IGHV3-30*03,1
150,IGHV3-43*02,2
239,IGHV1-69*04+G278T,1
205,IGHV3-66*01,9
192,IGHV3-48*01,4
96,IGHV3-43*02,3
53,IGHV1-2*02,8
216,IGHV4-31*03,1
50,IGHV1-18*04,3
19,IGHV3-7*03,12
200,IGHV4-59*08,3
114,IGHV4-61*01,3
102,IGHV4-39*01,1
38,IGHV4-34*01,4
219,IGHV1-69*04,1
259,IGHV4-39*01,1
205,IGHV3-23*04,2
211,IGHV3-7*03,1
27,IGHV4-4*07,1
140,IGHV4-31*03,5
244,IGHV4-34*01,1
231,IGHV3-48*01,1
260,IGHV3-NL1*01,1
203,IGHV1-2*02,5
135,IGHV3-30*03,11
126,IGHV4-34*01,9
122,IGHV4-61*02,1
78,IGHV3-23*04,6
139,IGHV4-31*03,19
48,IGHV1-18*04+G278A,12
153,IGHV4-61*01,4
104,IGHV6-1*01,1
152,IGHV1-69*04+G278T,2
16,IGHV4-61*02,1
14,IGHV4-59*08,10
133,IGHV3-7*03,7
240,IGHV4-34*01,5
81,IGHV3-48*03,6
140,IGHV1-69*04,1
95,IGHV1-18*04+G278A,2
238,IGHV3-23*04,2
46,IGHV5-10-1*01,7
48,IGHV1-24*01,6
73,IGHV3-48*03,1
55,IGHV3-30*03,8
161,IGHV3-43*02,4
206,IGHV4-34*01,2
50,IGHV1-18*04+G278A,1
167,IGHV3-49*04,1
239,IGHV4-39*01+G281C,2
6,IGHV1-2*02,3
147,IGHV3-48*01,1
130,IGHV1-24*01,1
239,IGHV3-49*04,1
150,IGHV1-69*04,2
60,IGHV1-18*04,19
21,IGHV4-39*01,2
160,IGHV1-69*04,3
175,IGHV1-69*04,1
255,IGHV3-49*04,1
157,IGHV3-74*01,1
182,IGHV1-18*04,1
207,IGHV1-18*04,2
121,IGHV3-7*03,1
220,IGHV1-2*02,4
7,IGHV1-69*04,1
72,IGHV4-59*08,27
158,IGHV4-61*01,2
164,IGHV3-7*03,10
11,IGHV1-18*04+G278A,7
12,IGHV1-2*02,3
159,IGHV3-23*04,1
98,IGHV3-20*01,1
81,IGHV3-20*01,3
210,IGHV1-2*02,2
121,IGHV4-61*02,2
2,IGHV4-61*02,1
20,IGHV4-61*02,2
204,IGHV3-21*01,1
142,IGHV3-74*01,3
132,IGHV3-15*01,1
239,IGHV1-2*02,2
262,IGHV1-18*04,1
84,IGHV4-30-2*05,3
171,IGHV4-34*01,2
57,IGHV3-43*02,1
136,IGHV3-74*01,1
39,IGHV4-34*01,5
244,IGHV1-69*04,2
223,IGHV4-4*07,1
4,IGHV4-59*08,12
152,IGHV4-59*08,1
101,IGHV4-61*02,1
235,IGHV4-34*09,1
5,IGHV3-15*01,1
246,IGHV4-34*01,2
245,IGHV4-34*01,3
152,IGHV5-10-1*01,1
221,IGHV3-43*02,1
34,IGHV4-59*08,7
188,IGHV4-31*03,5
27,IGHV1-69*04+G278T,2
149,IGHV4-59*08,2
188,IGHV3-66*01,1
0,IGHV3-72*01,2
76,IGHV1-69*04,1
214,IGHV3-NL1*01,10
71,IGHV1-2*02,23
241,IGHV3-74*01,1
60,IGHV1-18*04+G278A,4
40,IGHV4-31*03,2
271,IGHV4-59*10,2
126,IGHV3-23*04,3
186,IGHV3-23*04,1
259,IGHV3-49*04,2
192,IGHV3-7*03,11
163,IGHV3-43*02,1
26,IGHV1-2*02,7
244,IGHV3-23*04,1
42,IGHV3-21*01,2
243,IGHV3-49*04,1
21,IGHV1-69*04,1
133,IGHV3-66*03,4
222,IGHV4-59*08,5
184,IGHV4-34*01,24
74,IGHV1-2*02,3
153,IGHV4-39*01+G281C,1
13,IGHV4-61*02,1
223,IGHV3-NL1*01,6
30,IGHV3-49*04,1
244,IGHV3-66*01,11
165,IGHV3-43*02,2
171,IGHV4-61*01,3
204,IGHV4-61*02,1
209,IGHV1-18*04,6
148,IGHV3-23*04,2
85,IGHV4-59*08,18
10,IGHV3-7*03,17
250,IGHV4-59*08,2
91,IGHV3-20*01,1
154,IGHV3-66*03,1
266,IGHV3-23*04,1
151,IGHV3-7*03,12
100,IGHV4-31*03,1
239,IGHV4-30-2*05,1
208,IGHV3-15*01,1
174,IGHV4-61*02,1
158,IGHV4-39*01,1
21,IGHV3-23*04,1
195,IGHV4-31*03,5
189,IGHV3-66*03,5
215,IGHV5-10-1*01,1
40,IGHV1-69*04+G278T,2
248,IGHV3-66*01,2
38,IGHV3-74*01,1
156,IGHV4-4*07,1
39,IGHV1-46*01,4
203,IGHV3-72*01,3
165,IGHV4-59*08,6
24,IGHV4-59*08,1
125,IGHV1-2*02,1
71,IGHV5-10-1*01,4
6,IGHV3-30*03,3
27,IGHV3-7*03,6
207,IGHV3-23*04,4
152,IGHV3-7*03,2
97,IGHV3-15*01,1
167,IGHV4-61*02,1
155,IGHV3-66*01,1
91,IGHV1-2*02,1
206,IGHV3-66*03,2
211,IGHV3-NL1*01,5
157,IGHV1-2*02,1
151,IGHV4-4*02,1
83,IGHV1-2*02,1
54,IGHV3-7*03,30
207,IGHV3-66*01,1
96,IGHV1-18*04,2
42,IGHV3-30*03,7
210,IGHV3-48*03,3
181,IGHV1-69*04+G278T,2
204,IGHV1-18*04+G278A,3
179,IGHV3-7*03,1
205,IGHV1-2*02,3
180,IGHV4-61*01,1
38,IGHV3-7*03,22
94,IGHV4-59*08,4
231,IGHV4-39*01+G281C,1
65,IGHV4-61*02,2
171,IGHV3-15*01,1
11,IGHV3-30*03,2
61,IGHV1-2*02,15
219,IGHV3-43*02,2
270,IGHV5-51*01,1
239,IGHV4-59*08,17
81,IGHV1-18*04,8
242,IGHV1-18*04,1
138,IGHV3-7*03,6
211,IGHV3-66*01,6
163,IGHV1-2*02,4
106,IGHV1-18*04,6
253,IGHV3-7*03,2
100,IGHV5-10-1*01,6
183,IGHV3-23*04,1
93,IGHV4-31*03,5
182,IGHV4-34*09,6
43,IGHV3-30*03,3
143,IGHV3-74*01,1
19,IGHV1-2*02,8
71,IGHV3-21*01,1
84,IGHV5-10-1*01,7
136,IGHV4-34*01,1
142,IGHV3-48*03,2
180,IGHV3-49*04,1
141,IGHV1-2*02,1
207,IGHV3-30*03,7
155,IGHV4-59*08,1
137,IGHV4-61*02,1
100,IGHV3-66*01,1
63,IGHV1-69*04+G278T,6
95,IGHV3-30*03,8
152,IGHV4-30-2*05,1
61,IGHV3-15*01,1
208,IGHV3-64*04,9
175,IGHV3-15*01,1
145,IGHV3-23*04,4
266,IGHV6-1*01,1
14,IGHV3-7*03,16
160,IGHV3-30*03,5
222,IGHV1-2*02,2
63,IGHV3-74*01,1
253,IGHV3-64*04,1
22,IGHV4-59*08,2
97,IGHV1-24*01,1
126,IGHV5-51*01,1
224,IGHV4-4*07,1
51,IGHV5-10-1*01,2
78,IGHV1-2*02,18
160,IGHV3-66*03,1
121,IGHV1-18*04,2
177,IGHV5-51*01,1
133,IGHV3-72*01,1
144,IGHV3-66*01,1
204,IGHV4-30-2*05,1
205,IGHV4-39*01,3
115,IGHV1-18*04+G278A,2
232,IGHV4-59*08,3
77,IGHV4-39*01+G281C,5
72,IGHV4-30-2*05,3
130,IGHV4-31*03,12
115,IGHV1-18*04,4
221,IGHV1-69*04+G278T,1
243,IGHV3-7*03,2
77,IGHV1-69-2*01,1
78,IGHV3-15*01,4
151,IGHV1-18*04+G278A,1
181,IGHV4-61*01,1
177,IGHV1-24*01,1
148,IGHV4-34*01,14
180,IGHV1-69*04+G278T,1
158,IGHV1-2*02,1
44,IGHV4-61*02,4
2,IGHV4-34*01,6
16,IGHV5-10-1*01,2
48,IGHV1-18*04,44
0,IGHV1-24*01,3
109,IGHV1-69*04,1
209,IGHV3-21*01,1
195,IGHV1-18*04+G278A,1
150,IGHV3-66*01,3
202,IGHV1-69*04,2
149,IGHV3-49*04,1
167,IGHV3-7*03,1
61,IGHV3-43*02,1
23,IGHV1-69*04+G278T,2
104,IGHV5-10-1*01,2
257,IGHV4-39*01,1
56,IGHV3-7*03,6
11,IGHV4-31*03,1
199,IGHV1-69*04+G278T,2
35,IGHV1-69*04,2
1,IGHV3-49*04,2
33,IGHV1-18*04,4
189,IGHV4-34*01,34
60,IGHV1-69*04,10
239,IGHV4-34*09,3
64,IGHV3-48*03,5
119,IGHV3-66*01,2
154,IGHV3-66*01,1
83,IGHV3-7*03,4
66,IGHV4-61*02,5
236,IGHV3-20*01,1
183,IGHV4-31*03,2
193,IGHV1-2*02,17
257,IGHV3-74*01,1
156,IGHV3-74*01,1
0,IGHV4-4*02,2
252,IGHV1-18*04+G278A,2
141,IGHV3-23*04,2
167,IGHV3-43*02,1
206,IGHV1-69*04,1
66,IGHV5-51*01,1
61,IGHV1-69*04+G278T,6
115,IGHV1-69*04+G278T,4
258,IGHV5-10-1*01,1
143,IGHV3-66*03,2
164,IGHV3-48*03,1
138,IGHV1-18*04,3
32,IGHV4-61*02,7
57,IGHV4-38-2*02,1
144,IGHV3-48*03,1
19,IGHV4-59*08,2
171,IGHV4-59*10,1
148,IGHV1-46*01,1
217,IGHV1-69*04,1
160,IGHV6-1*01,1
198,IGHV4-61*02,2
129,IGHV4-31*03,5
66,IGHV3-23*04,3
84,IGHV3-20*01,1
110,IGHV5-10-1*01,1
140,IGHV4-61*01,1
100,IGHV4-34*01,1
253,IGHV4-39*01,1
118,IGHV5-10-1*01,2
231,IGHV3-43*02,5
65,IGHV1-46*01,2
258,IGHV3-64*04,1
193,IGHV1-46*01,1
67,IGHV1-18*04,1
252,IGHV4-34*01,4
80,IGHV1-2*02,2
226,IGHV3-23*04,2
71,IGHV5-51*01,1
184,IGHV3-7*03,2
73,IGHV4-59*08,8
230,IGHV3-30*03,5
202,IGHV4-34*01,1
193,IGHV5-10-1*01,9
73,IGHV3-49*04,1
185,IGHV1-24*01,2
201,IGHV3-43*02,2
52,IGHV1-18*04+G278A,1
126,IGHV3-43*02,1
82,IGHV3-20*01,1
99,IGHV1-2*02,2
199,IGHV4-61*01,1
163,IGHV3-30*03,1
72,IGHV3-15*01,5
197,IGHV1-69*04+G278T,3
47,IGHV1-69-2*01,1
28,IGHV4-59*08,1
246,IGHV4-31*03,3
21,IGHV1-2*02,1
222,IGHV3-NL1*01,2
29,IGHV3-23*04,2
19,IGHV3-30*03,1
50,IGHV1-69*04+G278T,2
157,IGHV3-7*03,7
132,IGHV1-18*04+G278A,1
125,IGHV4-31*03,3
96,IGHV1-69*04+G278T,1
150,IGHV5-10-1*01,1
167,IGHV4-31*03,3
192,IGHV1-18*04,1
83,IGHV3-30*03,5
63,IGHV4-39*01,2
241,IGHV5-51*01,1
189,IGHV3-23*04,1
215,IGHV1-18*04,7
48,IGHV1-46*01,11
237,IGHV4-61*01,1
129,IGHV1-18*04,2
82,IGHV4-59*08,5
207,IGHV3-15*01,2
247,IGHV3-30*03,2
64,IGHV3-73*01,1
90,IGHV1-69*04,1
250,IGHV3-7*03,1
242,IGHV4-34*01,1
123,IGHV3-43*02,1
242,IGHV3-23*03,1
13,IGHV3-48*03,3
186,IGHV3-7*03,2
115,IGHV3-30*03,5
183,IGHV4-34*01,7
124,IGHV4-34*01,6
227,IGHV4-59*08,2
180,IGHV1-24*01,1
48,IGHV3-72*01,1
213,IGHV4-31*03,1
49,IGHV4-34*01,1
118,IGHV4-4*02,2
78,IGHV5-10-1*01,2
96,IGHV1-69*04,2
133,IGHV4-34*01,40
9,IGHV3-11*05,1
74,IGHV4-34*01,2
67,IGHV3-20*01,1
248,IGHV3-64*04,2
185,IGHV1-69*04+G278T,1
15,IGHV4-34*01,1
201,IGHV4-61*01,3
230,IGHV1-2*02,4
232,IGHV3-23*04,1
264,IGHV3-43*02,1
151,IGHV1-18*04,9
232,IGHV3-30*03,7
81,IGHV4-39*01+G281C,6
196,IGHV3-66*01,2
159,IGHV4-59*08,1
257,IGHV1-18*04,1
130,IGHV4-30-2*05,2
52,IGHV4-39*01+G281C,2
196,IGHV1-2*02,1
191,IGHV3-66*01,1
120,IGHV3-30*03,4
140,IGHV3-30*03,11
188,IGHV1-2*02,5
241,IGHV1-24*01,1
60,IGHV1-46*01,2
127,IGHV4-59*10,1
182,IGHV6-1*01,1
162,IGHV3-49*04,3
100,IGHV4-39*01+G281C,1
168,IGHV3-7*03,6
88,IGHV3-74*01,2
208,IGHV1-18*04,17
246,IGHV4-61*01,4
217,IGHV3-NL1*01,1
178,IGHV3-49*04,2
53,IGHV1-18*04,8
165,IGHV4-61*02,1
200,IGHV3-66*01,1
17,IGHV1-2*02,4
157,IGHV1-24*01,1
143,IGHV3-23*04,5
69,IGHV1-18*04,2
161,IGHV1-69*04,5
179,IGHV4-39*01,1
43,IGHV4-39*01+G281C,1
250,IGHV4-39*01,4
218,IGHV5-51*01,1
187,IGHV1-69*04,1
186,IGHV1-69*04,1
118,IGHV1-69*04+G278T,6
257,IGHV3-30*03,1
171,IGHV4-31*03,4
60,IGHV3-30*03,9
268,IGHV1-2*02,1
166,IGHV4-31*03,2
47,IGHV4-31*03,9
137,IGHV4-30-2*05,7
244,IGHV4-39*01+G281C,1
217,IGHV4-59*08,1
210,IGHV3-64*04,2
249,IGHV1-69*04,1
247,IGHV1-2*02,1
18,IGHV1-69*04,2
30,IGHV1-69*04+G278T,1
187,IGHV3-15*01,1
84,IGHV3-64*04,1
46,IGHV4-4*07,1
159,IGHV3-66*01,1
246,IGHV1-2*02,2
39,IGHV1-2*02,15
84,IGHV3-21*01,4
111,IGHV4-39*01,1
30,IGHV3-74*01,1
68,IGHV3-23*04,4
211,IGHV6-1*01,1
148,IGHV3-48*03,1
64,IGHV3-74*01,6
112,IGHV4-61*01,3
60,IGHV5-10-1*01,6
55,IGHV5-10-1*01,3
249,IGHV4-31*03,2
15,IGHV1-69*04,1
31,IGHV4-59*08,4
240,IGHV3-48*03,3
206,IGHV4-39*01+G281C,1
159,IGHV4-61*02,1
228,IGHV3-23*04,2
74,IGHV4-61*02,1
163,IGHV3-66*01,1
1,IGHV4-34*01,4
151,IGHV4-59*10,1
183,IGHV1-2*02,1
215,IGHV3-NL1*01,3
148,IGHV5-51*01,2
89,IGHV4-30-2*05,1
35,IGHV1-69*04+G278T,19
252,IGHV3-43*02,1
52,IGHV3-73*01,1
246,IGHV3-66*03,3
240,IGHV4-39*01,3
273,IGHV4-61*01,2
18,IGHV4-31*03,1
209,IGHV3-49*04,4
226,IGHV4-59*08,1
102,IGHV3-49*04,1
33,IGHV1-69*04,7
276,IGHV3-49*04,2
249,IGHV4-4*07,1
189,IGHV4-39*01+G281C,1
233,IGHV4-59*08,4
108,IGHV4-59*08,1
188,IGHV4-4*07,3
263,IGHV1-2*02,1
101,IGHV1-2*02,1
114,IGHV1-18*04,8
156,IGHV4-39*01,1
20,IGHV1-18*04,1
128,IGHV3-43*02,1
236,IGHV3-48*01,5
0,IGHV6-1*01,2
79,IGHV5-10-1*01,6
248,IGHV3-21*01,1
150,IGHV3-15*01,2
209,IGHV1-18*04+G278A,2
64,IGHV3-23*04,11
46,IGHV4-31*03,15
230,IGHV3-7*03,2
7,IGHV1-2*02,6
63,IGHV5-10-1*01,6
59,IGHV1-2*02,4
38,IGHV4-39*01,1
164,IGHV3-66*03,3
78,IGHV3-72*01,1
85,IGHV1-24*01,2
60,IGHV4-61*02,1
0,IGHV3-66*01,3
169,IGHV4-59*08,1
88,IGHV4-39*01+G281C,1
59,IGHV1-69*04,2
194,IGHV4-39*01,2
54,IGHV3-49*04,2
235,IGHV3-30*03,1
143,IGHV3-7*03,9
126,IGHV3-49*04,2
174,IGHV5-51*01,2
123,IGHV3-21*01,2
112,IGHV1-69*04+G278T,1
248,IGHV4-31*03,1
28,IGHV5-10-1*01,1
103,IGHV4-39*01,1
91,IGHV4-39*01,2
201,IGHV4-39*01,3
116,IGHV4-59*10,1
269,IGHV4-4*07,1
110,IGHV1-2*02,1
167,IGHV1-69*04+G278T,1
123,IGHV1-18*04,8
13,IGHV3-7*03,15
154,IGHV1-69*04+G278T,1
245,IGHV4-39*01+G281C,2
201,IGHV4-34*01,15
131,IGHV4-59*08,24
249,IGHV3-66*03,2
41,IGHV5-51*01,1
112,IGHV3-30*03,15
24,IGHV1-46*01,2
2,IGHV4-39*01,2
77,IGHV5-10-1*01,4
90,IGHV3-21*01,4
79,IGHV4-34*01,1
260,IGHV3-30*03,2
205,IGHV4-31*03,1
56,IGHV1-24*01,2
252,IGHV4-61*01,1
199,IGHV1-18*04+G278A,3
189,IGHV4-4*07,5
11,IGHV3-23*04,2
93,IGHV4-59*10,1
31,IGHV3-74*01,1
194,IGHV3-66*01,1
78,IGHV3-43*02,1
129,IGHV3-73*01,1
192,IGHV3-NL1*01,9
214,IGHV4-61*02,1
30,IGHV3-7*03,21
16,IGHV3-30*03,1
35,IGHV1-18*04+G278A,5
46,IGHV1-2*02,39
60,IGHV4-59*08,23
163,IGHV4-34*01,1
183,IGHV1-69*04+G278T,2
207,IGHV3-49*04,7
66,IGHV1-18*04,5
119,IGHV1-2*02,2
180,IGHV3-30*03,5
139,IGHV3-21*01,1
66,IGHV1-18*04+G278A,2
188,IGHV4-30-2*05,3
72,IGHV3-20*01,2
48,IGHV3-30*03,2
167,IGHV3-11*05,1
36,IGHV1-69*04+G278T,6
35,IGHV4-31*03,5
213,IGHV1-18*04,8
169,IGHV1-69*04,2
3,IGHV4-34*01,5
201,IGHV3-NL1*01,6
258,IGHV4-59*08,4
233,IGHV1-46*01,1
70,IGHV3-23*04,2
227,IGHV5-51*01,1
211,IGHV4-39*01,6
140,IGHV4-59*08,1
24,IGHV5-10-1*01,1
207,IGHV4-31*03,3
89,IGHV1-2*02,2
60,IGHV4-39*01,2
100,IGHV3-30*03,6
224,IGHV3-49*04,2
57,IGHV3-74*01,1
68,IGHV4-39*01,1
146,IGHV1-18*04+G278A,1
230,IGHV3-23*04,1
69,IGHV3-23*04,1
68,IGHV3-74*01,1
192,IGHV4-61*02,3
82,IGHV3-7*03,2
123,IGHV4-61*02,2
216,IGHV3-66*03,1
254,IGHV1-18*04+G278A,1
195,IGHV4-59*08,4
132,IGHV4-61*01,21
252,IGHV3-23*04,1
169,IGHV1-2*02,3
217,IGHV3-30*03,1
84,IGHV1-69*04+G278T,9
81,IGHV5-10-1*01,3
29,IGHV3-30*03,2
75,IGHV1-18*04,16
181,IGHV1-3*01,1
100,IGHV1-18*04,21
72,IGHV4-31*03,3
214,IGHV4-59*08,3
161,IGHV3-66*01,1
230,IGHV1-69*04,1
159,IGHV4-34*01,1
140,IGHV3-43*02,1
2,IGHV4-61*01,1
252,IGHV1-69*04+G278T,3
222,IGHV1-18*04,3
17,IGHV3-23*04,2
210,IGHV1-18*04,1
49,IGHV3-7*03,1
249,IGHV3-30*03,2
143,IGHV1-2*02,1
129,IGHV6-1*01,1
187,IGHV4-34*09,1
35,IGHV4-34*01,7
172,IGHV1-69*04+G278T,4
244,IGHV4-31*03,1
54,IGHV5-10-1*01,3
28,IGHV3-7*03,3
157,IGHV3-30*03,1
207,IGHV3-11*05,1
174,IGHV1-2*02,1
122,IGHV1-69*04+G278T,4
130,IGHV4-59*08,3
267,IGHV4-39*01+G281C,1
45,IGHV3-30*03,29
11,IGHV1-18*04,5
164,IGHV1-46*01,2
42,IGHV1-69*04+G278T,8
36,IGHV1-18*04,1
215,IGHV3-48*03,1
147,IGHV1-3*01,1
117,IGHV4-59*08,1
259,IGHV3-66*01,3
88,IGHV1-69*04+G278T,1
126,IGHV5-10-1*01,1
158,IGHV1-18*04,2
211,IGHV3-66*03,2
151,IGHV3-74*01,1
236,IGHV6-1*01,2
48,IGHV1-2*02,108
231,IGHV3-20*01,1
259,IGHV3-66*03,3
165,IGHV1-18*04,2
77,IGHV3-30*03,4
206,IGHV4-31*03,3
133,IGHV4-59*10,2
9,IGHV4-59*08,2
85,IGHV4-30-2*05,2
261,IGHV1-69*04+G278T,1
162,IGHV3-30*03,8
200,IGHV3-7*03,7
38,IGHV4-30-2*05,1
84,IGHV1-18*04+G278A,4
59,IGHV3-7*03,6
201,IGHV5-10-1*01,1
46,IGHV3-30*03,5
127,IGHV3-21*01,1
245,IGHV4-34*09,1
209,IGHV5-10-1*01,8
30,IGHV3-15*01,1
96,IGHV4-59*08,40
209,IGHV3-15*01,2
69,IGHV4-39*01+G281C,2
73,IGHV1-18*04+G278A,3
109,IGHV3-23*04,1
194,IGHV3-30*03,9
174,IGHV4-61*01,1
101,IGHV1-69*04,3
86,IGHV3-7*03,3
154,IGHV3-NL1*01,1
94,IGHV1-18*04,1
23,IGHV4-34*01,6
196,IGHV4-39*01+G281C,1
88,IGHV3-21*01,2
94,IGHV3-7*03,3
78,IGHV3-21*01,3
74,IGHV3-43*02,1
230,IGHV4-34*01,1
167,IGHV3-72*01,1
63,IGHV3-43*02,2
100,IGHV3-49*04,1
204,IGHV3-66*01,3
189,IGHV4-61*02,3
27,IGHV1-18*04,2
180,IGHV4-34*01,1
131,IGHV3-23*04,6
194,IGHV3-NL1*01,2
0,IGHV1-18*04+G278A,3
240,IGHV3-66*01,6
256,IGHV4-30-2*05,1
106,IGHV1-69-2*01,1
126,IGHV1-2*02,4
198,IGHV3-66*03,4
70,IGHV4-34*01,1
218,IGHV3-NL1*01,1
147,IGHV3-43*02,1
211,IGHV3-72*01,1
53,IGHV3-48*03,4
64,IGHV1-46*01,6
55,IGHV4-59*08,20
139,IGHV3-20*01,1
221,IGHV3-NL1*01,7
58,IGHV4-39*01+G281C,2
208,IGHV5-51*01,2
228,IGHV4-31*03,1
40,IGHV3-23*04,1
7,IGHV1-24*01,1
210,IGHV3-21*01,1
84,IGHV1-2*02,16
260,IGHV4-34*01,1
186,IGHV4-59*10,1
79,IGHV6-1*01,1
249,IGHV4-39*01+G281C,2
185,IGHV1-46*01,1
165,IGHV3-20*01,1
175,IGHV4-59*08,1
219,IGHV3-48*01,1
219,IGHV1-18*04,1
240,IGHV4-61*02,3
36,IGHV4-39*01,4
15,IGHV3-23*04,1
211,IGHV3-48*01,1
244,IGHV1-18*04,1
133,IGHV3-48*03,3
92,IGHV3-43*02,2
165,IGHV3-49*04,1
124,IGHV3-49*04,1
109,IGHV4-59*08,1
64,IGHV5-10-1*01,5
216,IGHV3-73*01,1
208,IGHV4-30-2*05,1
201,IGHV3-74*01,3
164,IGHV1-2*02,7
190,IGHV4-31*03,5
88,IGHV3-30*03,9
147,IGHV3-15*01,1
57,IGHV3-7*03,2
75,IGHV4-61*02,4
199,IGHV1-69*04,1
105,IGHV1-69*04+G278T,1
89,IGHV3-23*04,7
264,IGHV3-NL1*01,1
123,IGHV1-69*04,2
182,IGHV1-69*04+G278T,4
104,IGHV4-61*01,3
162,IGHV4-31*03,2
86,IGHV3-30*03,10
240,IGHV3-64*04,5
42,IGHV1-46*01,1
232,IGHV3-21*01,2
173,IGHV3-11*05,1
241,IGHV1-3*01,1
103,IGHV3-74*01,1
241,IGHV1-2*02,2
100,IGHV4-39*01,1
48,IGHV4-59*08,5
26,IGHV1-46*01,1
162,IGHV1-18*04,2
9,IGHV1-69*04+G278T,1
249,IGHV3-23*04,2
188,IGHV1-69*04,1
102,IGHV1-18*04+G278A,1
249,IGHV3-43*02,2
45,IGHV4-59*08,1
120,IGHV3-66*03,1
252,IGHV4-34*09,2
174,IGHV4-34*01,3
223,IGHV1-2*02,4
212,IGHV4-39*01+G281C,1
254,IGHV3-66*03,9
182,IGHV4-34*01,12
181,IGHV4-34*01,2
177,IGHV1-69*04+G278T,2
117,IGHV4-38-2*02,1
4,IGHV4-39*01,2
112,IGHV3-49*04,3
132,IGHV4-34*01,20
205,IGHV3-49*04,7
67,IGHV4-39*01,1
227,IGHV3-66*01,1
236,IGHV3-43*02,2
73,IGHV1-69*04,8
145,IGHV3-30*03,61
152,IGHV4-39*01,1
84,IGHV5-51*01,3
52,IGHV3-23*04,17
92,IGHV5-10-1*01,1
214,IGHV1-69*04,1
7,IGHV4-59*08,8
122,IGHV4-59*08,3
165,IGHV3-48*03,1
197,IGHV3-66*03,2
33,IGHV3-30*03,1
170,IGHV3-23*04,1
143,IGHV4-31*03,1
213,IGHV1-18*04+G278A,1
194,IGHV3-48*01,1
2,IGHV1-2*02,4
200,IGHV5-51*01,1
151,IGHV1-2*02,4
52,IGHV3-66*01,1
52,IGHV4-61*02,18
197,IGHV3-30*03,26
235,IGHV4-61*01,2
198,IGHV1-24*01,3
235,IGHV4-39*01+G281C,1
49,IGHV1-18*04+G278A,3
205,IGHV4-30-2*05,2
171,IGHV1-18*04,2
50,IGHV1-2*02,22
12,IGHV1-24*01,1
229,IGHV3-66*03,1
196,IGHV1-18*04,1
158,IGHV4-30-2*05,1
164,IGHV5-51*01,1
54,IGHV4-59*08,3
201,IGHV3-66*03,2
166,IGHV3-30*03,11
249,IGHV1-18*04,1
216,IGHV1-2*02,1
139,IGHV4-61*01,19
84,IGHV4-59*08,4
253,IGHV3-66*03,1
151,IGHV5-10-1*01,5
104,IGHV1-69*04+G278T,3
26,IGHV1-69*04,3
232,IGHV3-49*04,1
117,IGHV3-30*03,2
63,IGHV4-61*02,3
113,IGHV3-64*04,1
178,IGHV3-30*03,4
7,IGHV5-10-1*01,3
194,IGHV1-2*02,1
73,IGHV1-18*04,4
219,IGHV3-7*03,1
208,IGHV4-34*09,1
239,IGHV5-10-1*01,1
59,IGHV3-21*01,2
31,IGHV3-21*01,1
134,IGHV4-59*08,15
243,IGHV3-48*03,1
109,IGHV1-2*02,7
198,IGHV3-66*01,10
8,IGHV1-69*04+G278T,3
242,IGHV1-2*02,3
133,IGHV3-23*04,9
33,IGHV3-74*01,1
139,IGHV3-11*05,2
0,IGHV4-59*08,354
225,IGHV3-72*01,1
142,IGHV4-39*01+G281C,1
82,IGHV3-43*02,1
160,IGHV4-34*01,2
133,IGHV3-30*03,45
14,IGHV4-39*01,3
236,IGHV3-49*04,4
234,IGHV3-30*03,7
123,IGHV4-31*03,1
176,IGHV1-69*04+G278T,2
126,IGHV4-38-2*02,1
161,IGHV3-21*01,2
44,IGHV4-39*01,13
261,IGHV1-18*04,3
244,IGHV4-61*01,1
118,IGHV3-30*03,10
213,IGHV3-NL1*01,1
241,IGHV3-48*01,1
248,IGHV4-34*01,1
12,IGHV1-18*04,1
204,IGHV5-10-1*01,3
205,IGHV3-7*03,1
146,IGHV3-15*01,1
10,IGHV3-30*03,4
233,IGHV3-64*04,2
45,IGHV1-2*02,15
245,IGHV3-15*01,1
192,IGHV4-59*08,2
243,IGHV3-43*02,1
25,IGHV3-7*03,1
255,IGHV3-11*01,1
74,IGHV4-59*08,5
174,IGHV3-20*01,1
132,IGHV4-31*03,20
168,IGHV3-66*03,1
195,IGHV3-72*01,2
151,IGHV3-43*02,6
0,IGHV4-61*01,1
3,IGHV1-2*02,1
143,IGHV3-30*03,34
205,IGHV3-NL1*01,1
152,IGHV4-34*01,11
68,IGHV3-15*01,2
251,IGHV1-2*02,2
222,IGHV3-7*03,2
120,IGHV1-24*01,1
91,IGHV3-23*04,3
65,IGHV3-7*03,2
185,IGHV5-51*01,1
262,IGHV3-NL1*01,3
237,IGHV3-48*03,1
48,IGHV1-69*04,2
168,IGHV4-34*01,6
209,IGHV3-23*04,2
148,IGHV1-18*04,4
231,IGHV1-18*04+G278A,1
93,IGHV5-10-1*01,8
229,IGHV3-48*03,1
6,IGHV4-59*08,3
207,IGHV4-61*01,6
161,IGHV1-3*01,1
252,IGHV3-66*01,1
64,IGHV4-39*01,10
158,IGHV3-66*01,1
18,IGHV3-7*03,26
249,IGHV3-NL1*01,1
162,IGHV3-48*01,1
87,IGHV1-18*04+G278A,6
198,IGHV3-15*01,1
92,IGHV3-7*03,4
251,IGHV3-23*04,2
255,IGHV4-61*01,1
224,IGHV3-66*03,2
63,IGHV3-30*03,17
168,IGHV4-31*03,1
217,IGHV3-7*03,2
161,IGHV3-20*01,1
166,IGHV3-23*04,1
260,IGHV5-10-1*01,1
192,IGHV3-15*01,1
25,IGHV1-18*04,2
54,IGHV1-2*02,23
50,IGHV5-10-1*01,5
115,IGHV4-39*01,1
9,IGHV3-7*03,8
198,IGHV1-69*04+G278T,3
208,IGHV4-59*08,3
245,IGHV4-61*01,4
116,IGHV1-24*01,1
244,IGHV1-69*04+G278T,2
193,IGHV3-NL1*01,5
186,IGHV3-72*01,1
205,IGHV4-59*08,20
187,IGHV4-61*02,2
54,IGHV3-23*04,4
263,IGHV3-66*01,1
86,IGHV1-18*04,3
165,IGHV3-30*03,4
139,IGHV1-69*04,2
189,IGHV3-7*03,4
259,IGHV4-34*01,1
172,IGHV3-23*04,1
184,IGHV4-59*10,1
134,IGHV1-2*02,1
93,IGHV1-18*04,9
87,IGHV1-69*04+G278T,6
88,IGHV1-69*04,1
148,IGHV1-69*04+G278T,2
248,IGHV3-7*03,2
217,IGHV1-18*04,1
88,IGHV4-34*01,3
147,IGHV3-49*04,1
7,IGHV1-69*04+G278T,3
214,IGHV3-23*04,4
131,IGHV4-31*03,1
16,IGHV1-18*04+G278A,1
213,IGHV5-10-1*01,1
52,IGHV3-7*03,60
163,IGHV3-49*04,3
144,IGHV4-59*08,4
267,IGHV3-66*01,1
216,IGHV3-15*01,2
137,IGHV1-2*02,1
218,IGHV3-66*01,4
75,IGHV4-4*07,2
257,IGHV3-NL1*01,8
120,IGHV3-48*03,2
87,IGHV3-23*04,5
193,IGHV4-30-2*05,2
191,IGHV1-18*04,4
192,IGHV4-34*09,2
180,IGHV4-31*03,1
175,IGHV4-31*03,1
98,IGHV3-30*03,5
250,IGHV4-34*01,1
79,IGHV3-7*03,1
28,IGHV3-15*01,1
65,IGHV5-10-1*01,3
79,IGHV1-24*01,2
230,IGHV5-10-1*01,1
167,IGHV4-61*01,1
226,IGHV4-34*01,1
45,IGHV1-69*04+G278T,14
96,IGHV4-61*02,4
218,IGHV3-66*03,1
191,IGHV3-43*02,1
1,IGHV3-23*04,2
208,IGHV3-48*03,1
0,IGHV4-39*01+G281C,19
232,IGHV3-11*05,1
53,IGHV3-30*03,58
135,IGHV3-23*04,1
153,IGHV1-69*04,2
176,IGHV4-34*01,2
58,IGHV4-34*01,16
242,IGHV3-NL1*01,1
70,IGHV5-10-1*01,1
65,IGHV4-31*03,2
102,IGHV1-18*04,5
232,IGHV1-2*02,1
127,IGHV1-18*04,3
80,IGHV3-7*03,23
175,IGHV3-21*01,1
241,IGHV1-69*04,1
251,IGHV1-69*04+G278T,1
187,IGHV3-49*04,11
240,IGHV3-NL1*01,2
185,IGHV1-18*04,1
251,IGHV3-7*03,2
175,IGHV4-61*02,1
238,IGHV3-30*03,1
188,IGHV4-34*01,3
209,IGHV3-43*02,3
242,IGHV3-48*03,2
34,IGHV3-23*04,3
235,IGHV4-59*10,1
72,IGHV3-49*04,1
157,IGHV3-73*01,1
138,IGHV4-34*01,3
29,IGHV3-20*01,1
52,IGHV3-15*01,2
198,IGHV4-61*01,1
129,IGHV5-10-1*01,1
93,IGHV1-69*04+G278T,2
120,IGHV4-61*01,1
53,IGHV1-46*01,1
27,IGHV4-31*03,3
141,IGHV4-31*03,2
14,IGHV3-30*03,3
104,IGHV1-69*04,1
132,IGHV1-18*04,13
142,IGHV3-21*01,2
63,IGHV1-18*04,2
199,IGHV1-46*01,1
234,IGHV4-34*01,10
5,IGHV1-69*04+G278T,1
199,IGHV4-61*02,1
155,IGHV4-4*07,1
173,IGHV1-46*01,1
85,IGHV3-21*01,2
217,IGHV1-24*01,1
116,IGHV4-34*01,2
169,IGHV1-18*04,1
79,IGHV3-23*04,1
250,IGHV4-34*09,1
171,IGHV5-10-1*01,2
75,IGHV1-2*02,49
265,IGHV4-4*07,1
93,IGHV3-23*04,1
250,IGHV4-61*02,2
37,IGHV3-43*02,1
252,IGHV1-18*04,2
149,IGHV3-66*03,1
201,IGHV4-59*10,3
224,IGHV5-51*01,1
131,IGHV3-30*03,1
193,IGHV4-31*03,1
165,IGHV1-69*04+G278T,4
150,IGHV5-51*01,1
94,IGHV3-49*04,2
268,IGHV3-49*04,1
143,IGHV1-18*04,2
210,IGHV3-11*05,1
260,IGHV4-30-2*05,1
46,IGHV3-48*03,2
253,IGHV3-23*04,1
109,IGHV5-10-1*01,7
82,IGHV3-30*03,7
123,IGHV4-59*08,20
99,IGHV3-23*04,2
41,IGHV4-59*08,2
46,IGHV1-46*01,2
183,IGHV3-30*03,1
260,IGHV3-66*03,4
153,IGHV3-30*03,1
83,IGHV4-61*01,2
64,IGHV4-31*03,3
112,IGHV5-51*01,1
11,IGHV1-2*02,68
60,IGHV4-34*01,3
11,IGHV1-46*01,8
56,IGHV4-59*08,1
205,IGHV4-61*01,2
96,IGHV4-39*01,3
130,IGHV3-7*03,1
34,IGHV4-39*01,1
127,IGHV3-49*04,1
215,IGHV3-30*03,1
56,IGHV1-18*04,3
207,IGHV4-34*01,3
78,IGHV4-59*08,6
221,IGHV3-48*01,1
233,IGHV3-NL1*01,2
92,IGHV1-2*02,1
103,IGHV3-30*03,22
190,IGHV4-61*01,3
169,IGHV1-69*04+G278T,4
209,IGHV3-72*01,1
258,IGHV4-34*01,1
81,IGHV4-34*01,1
123,IGHV5-51*01,2
270,IGHV3-20*01,1
162,IGHV3-21*01,1
184,IGHV3-72*01,1
106,IGHV4-34*01,1
140,IGHV4-34*01,2
55,IGHV3-20*01,2
1,IGHV3-48*03,1
28,IGHV1-69*04,6
201,IGHV4-31*03,1
70,IGHV1-2*02,21
136,IGHV1-18*04,1
98,IGHV1-46*01,1
172,IGHV1-2*02,3
261,IGHV3-66*01,1
21,IGHV3-7*03,18
195,IGHV5-10-1*01,4
263,IGHV1-69*04,1
73,IGHV3-23*04,1
118,IGHV4-34*01,1
241,IGHV3-66*03,4
28,IGHV1-2*02,14
113,IGHV4-59*08,1
235,IGHV3-48*01,1
278,IGHV3-49*04,1
21,IGHV4-59*08,5
20,IGHV1-2*02,1
98,IGHV3-21*01,1
214,IGHV4-61*01,1
241,IGHV3-15*01,1
141,IGHV4-61*02,1
239,IGHV4-31*03,1
163,IGHV4-31*03,1
253,IGHV4-59*08,1
204,IGHV1-18*04,7
280,IGHV4-39*01+G281C,1
139,IGHV4-39*01,8
239,IGHV3-23*04,1
56,IGHV3-15*01,5
106,IGHV6-1*01,1
214,IGHV4-39*01,2
215,IGHV3-64*04,3
191,IGHV1-69*04+G278T,8
201,IGHV4-34*09,1
222,IGHV5-10-1*01,1
193,IGHV4-59*08,12
64,IGHV3-66*01,3
213,IGHV3-43*02,1
55,IGHV4-61*02,3
75,IGHV4-59*08,48
235,IGHV3-49*04,1
155,IGHV4-61*01,1
189,IGHV1-18*04,3
0,IGHV3-74*01,8
152,IGHV1-46*01,1
79,IGHV1-2*02,4
110,IGHV1-69*04+G278T,2
1,IGHV4-61*01,1
16,IGHV3-43*02,1
48,IGHV3-48*03,1
268,IGHV3-NL1*01,1
173,IGHV4-34*01,2
77,IGHV4-31*03,6
215,IGHV4-61*02,1
115,IGHV4-61*02,1
154,IGHV3-23*04,2
138,IGHV3-21*01,3
64,IGHV3-11*05,4
202,IGHV4-34*09,1
86,IGHV1-3*01,1
99,IGHV1-69*04+G278T,7
27,IGHV1-3*01,1
141,IGHV3-64*04,1
205,IGHV4-4*07,2
209,IGHV3-64*04,1
106,IGHV3-7*03,4
189,IGHV4-30-2*05,1
134,IGHV3-30*03,25
11,IGHV4-59*08,3
155,IGHV3-7*03,11
265,IGHV4-34*01,1
214,IGHV3-15*01,3
11,IGHV1-69*04+G278T,29
70,IGHV3-43*02,2
208,IGHV3-66*03,4
147,IGHV4-34*01,6
57,IGHV3-21*01,1
139,IGHV3-7*03,8
10,IGHV3-66*01,1
95,IGHV3-23*04,3
96,IGHV4-34*01,9
133,IGHV1-69*04,5
76,IGHV1-18*04,1
162,IGHV1-2*02,2
88,IGHV4-59*08,8
89,IGHV3-21*01,1
150,IGHV3-48*01,1
194,IGHV3-43*02,1
106,IGHV4-31*03,2
198,IGHV1-18*04,5
77,IGHV1-2*02,9
54,IGHV3-30*03,21
243,IGHV4-34*01,1
223,IGHV1-18*04,1
134,IGHV1-69-2*01,1
65,IGHV4-59*08,21
157,IGHV4-39*01,1
193,IGHV4-61*02,1
229,IGHV4-59*08,3
124,IGHV4-61*02,2
206,IGHV3-66*01,3
189,IGHV3-49*04,1
98,IGHV3-49*04,2
158,IGHV3-7*03,1
166,IGHV3-21*01,1
237,IGHV3-21*01,1
210,IGHV4-30-2*05,2
211,IGHV1-69*04+G278T,1
146,IGHV3-11*05,2
18,IGHV4-61*02,1
36,IGHV4-61*02,6
171,IGHV3-30*03,3
221,IGHV1-2*02,7
180,IGHV6-1*01,1
227,IGHV3-21*01,2
212,IGHV5-10-1*01,2
150,IGHV4-31*03,2
256,IGHV3-7*03,2
145,IGHV4-59*08,4
20,IGHV4-59*08,7
213,IGHV1-69*04+G278T,2
13,IGHV1-2*02,8
172,IGHV3-43*02,1
27,IGHV4-59*08,22
42,IGHV3-23*04,1
150,IGHV3-23*04,1
187,IGHV4-34*01,5
216,IGHV3-43*02,1
183,IGHV6-1*01,1
271,IGHV4-34*01,1
179,IGHV1-2*02,9
96,IGHV4-31*03,3
211,IGHV4-30-2*05,4
220,IGHV3-15*01,2
142,IGHV3-7*03,9
181,IGHV1-69-2*01,1
91,IGHV3-30*03,4
216,IGHV1-18*04+G278A,1
227,IGHV1-2*02,1
161,IGHV3-11*01,1
216,IGHV1-18*04,1
208,IGHV4-61*01,1
4,IGHV1-18*04,1
238,IGHV4-59*08,2
17,IGHV1-69*04+G278T,2
222,IGHV3-66*01,3
191,IGHV3-15*01,4
267,IGHV4-34*01,1
75,IGHV3-23*04,8
123,IGHV3-30*03,5
259,IGHV1-2*02,2
101,IGHV5-10-1*01,1
219,IGHV4-59*08,2
14,IGHV3-43*02,1
146,IGHV3-48*01,3
225,IGHV1-18*04,1
149,IGHV4-61*02,1
31,IGHV3-30*03,2
9,IGHV1-18*04,1
148,IGHV4-39*01,1
39,IGHV4-30-2*05,2
10,IGHV1-69*04,1
12,IGHV1-69*04,1
146,IGHV3-11*01,1
92,IGHV3-49*04,12
22,IGHV1-2*02,3
160,IGHV4-61*01,1
240,IGHV3-30*03,7
237,IGHV1-69*04+G278T,3
51,IGHV3-7*03,1
34,IGHV3-30*03,1
58,IGHV5-10-1*01,2
186,IGHV4-34*01,5
75,IGHV1-69*04,5
195,IGHV4-34*01,2
123,IGHV5-10-1*01,1
66,IGHV5-10-1*01,1
151,IGHV1-69*04+G278T,4
181,IGHV4-59*08,4
148,IGHV3-30*03,5
75,IGHV3-49*04,1
51,IGHV1-46*01,1
26,IGHV3-74*01,1
147,IGHV1-18*04+G278A,2
193,IGHV3-11*05,1
236,IGHV4-61*01,1
109,IGHV4-61*02,1
239,IGHV6-1*01,1
0,IGHV1-18*04,2
183,IGHV3-66*03,1
65,IGHV1-2*02,10
43,IGHV4-61*02,1
219,IGHV3-NL1*01,2
116,IGHV4-31*03,4
132,IGHV3-73*01,2
265,IGHV3-NL1*01,1
60,IGHV3-48*03,1
68,IGHV3-30*03,12
196,IGHV4-61*01,1
158,IGHV4-31*03,3
69,IGHV4-39*01,5
102,IGHV1-69*04+G278T,5
110,IGHV4-59*08,2
3,IGHV1-18*04,2
81,IGHV4-61*02,13
156,IGHV3-66*01,5
209,IGHV3-7*03,5
80,IGHV3-49*04,4
93,IGHV1-18*04+G278A,1
132,IGHV3-11*05,2
204,IGHV3-15*01,3
203,IGHV4-31*03,2
168,IGHV4-4*02,1
126,IGHV4-4*07,2
68,IGHV1-69*04+G278T,4
171,IGHV3-66*03,1
165,IGHV1-69*04,1
122,IGHV1-18*04,9
89,IGHV1-69*04,2
272,IGHV4-34*01,1
194,IGHV1-3*01,1
81,IGHV3-23*04,4
205,IGHV3-21*01,1
115,IGHV1-69*04,1
185,IGHV3-30*03,1
10,IGHV3-21*01,1
144,IGHV3-23*04,15
139,IGHV3-43*02,1
57,IGHV1-2*02,4
240,IGHV3-21*01,5
190,IGHV4-59*08,7
127,IGHV1-18*04+G278A,2
164,IGHV3-43*02,9
234,IGHV4-61*01,2
224,IGHV4-39*01+G281C,1
190,IGHV3-49*04,6
164,IGHV1-3*01,1
189,IGHV5-51*01,1
67,IGHV3-43*02,1
63,IGHV3-72*01,1
245,IGHV3-66*01,3
156,IGHV3-21*01,1
202,IGHV1-18*04,2
29,IGHV1-18*04+G278A,1
217,IGHV3-21*01,1
106,IGHV1-69*04+G278T,2
138,IGHV4-61*01,2
118,IGHV1-18*04+G278A,4
114,IGHV3-23*04,1
215,IGHV1-24*01,1
152,IGHV1-2*02,5
184,IGHV4-61*01,1
104,IGHV3-49*04,1
113,IGHV1-18*04+G278A,1
45,IGHV5-10-1*01,1
111,IGHV1-18*04,1
133,IGHV3-21*01,8
78,IGHV1-69*04,1
248,IGHV1-18*04,1
150,IGHV3-66*03,2
160,IGHV4-39*01+G281C,1
118,IGHV5-51*01,1
56,IGHV1-69*04+G278T,3
197,IGHV4-39*01,18
44,IGHV3-23*04,1
136,IGHV3-23*04,2
54,IGHV4-31*03,1
178,IGHV1-69*04+G278T,1
197,IGHV4-61*01,27
55,IGHV3-7*03,6
214,IGHV3-49*04,3
212,IGHV1-69-2*01,1
46,IGHV4-39*01,27
64,IGHV1-18*04,9
139,IGHV4-61*02,5
181,IGHV1-2*02,9
48,IGHV1-3*01,1
106,IGHV4-61*01,1
200,IGHV3-64*04,1
176,IGHV1-46*01,4
49,IGHV1-69*04,4
66,IGHV3-7*03,13
23,IGHV4-61*01,1
151,IGHV4-34*01,28
77,IGHV3-23*04,5
201,IGHV3-48*01,1
69,IGHV1-24*01,1
66,IGHV1-69*04+G278T,7
114,IGHV4-34*01,2
147,IGHV4-61*01,3
0,IGHV4-31*03,65
208,IGHV5-10-1*01,1
195,IGHV3-23*04,1
208,IGHV1-69*04+G278T,1
55,IGHV4-34*01,1
49,IGHV1-18*04,5
250,IGHV4-61*01,1
269,IGHV4-61*01,1
220,IGHV3-43*02,1
74,IGHV1-18*04,2
211,IGHV3-74*01,1
5,IGHV4-34*01,2
234,IGHV1-69*04+G278T,1
260,IGHV4-59*08,1
227,IGHV3-7*03,10
39,IGHV3-21*01,1
159,IGHV3-20*01,2
102,IGHV1-2*02,2
100,IGHV3-21*01,1
221,IGHV4-61*02,1
18,IGHV3-30*03,2
94,IGHV4-34*01,1
23,IGHV1-18*04,3
7,IGHV4-39*01,1
68,IGHV3-66*01,2
237,IGHV1-18*04,1
161,IGHV5-51*01,1
254,IGHV3-7*03,2
185,IGHV4-61*01,2
206,IGHV4-61*01,1
68,IGHV1-2*02,13
184,IGHV1-69*04+G278T,3
154,IGHV1-18*04,2
0,IGHV3-21*01,10
1,IGHV5-10-1*01,1
151,IGHV3-11*01,2
268,IGHV3-30*03,1
60,IGHV1-2*02,52
197,IGHV3-48*03,2
208,IGHV4-34*01,1
153,IGHV3-66*03,1
187,IGHV4-59*10,1
136,IGHV3-30*03,7
222,IGHV1-24*01,1
227,IGHV1-69*04,1
58,IGHV1-69-2*01,2
213,IGHV3-7*03,8
205,IGHV4-34*01,17
67,IGHV3-21*01,5
53,IGHV4-31*03,2
119,IGHV3-15*01,1
158,IGHV3-23*04,3
223,IGHV3-11*05,1
211,IGHV3-15*01,1
38,IGHV1-2*02,14
45,IGHV4-39*01,1
187,IGHV3-74*01,1
90,IGHV5-51*01,3
102,IGHV4-39*01+G281C,1
246,IGHV1-69*04+G278T,1
98,IGHV4-31*03,4
197,IGHV3-48*01,1
188,IGHV3-30*03,2
91,IGHV1-46*01,2
248,IGHV4-34*09,1
162,IGHV5-51*01,1
89,IGHV4-59*08,1
47,IGHV4-39*01+G281C,1
56,IGHV3-30*03,4
189,IGHV4-34*09,9
252,IGHV1-2*02,1
207,IGHV4-61*02,2
158,IGHV1-69*04+G278T,1
4,IGHV3-15*01,1
73,IGHV1-69*04+G278T,8
57,IGHV3-23*04,1
59,IGHV5-51*01,1
207,IGHV1-18*04+G278A,3
73,IGHV3-7*03,2
191,IGHV3-23*04,1
132,IGHV4-59*08,7
40,IGHV1-69*04,2
177,IGHV3-NL1*01,1
205,IGHV3-48*03,2
81,IGHV1-2*02,9
201,IGHV3-21*01,1
163,IGHV1-18*04,2
197,IGHV3-43*02,1
60,IGHV4-31*03,3
26,IGHV4-59*08,9
38,IGHV4-39*01+G281C,1
100,IGHV3-7*03,6
199,IGHV1-2*02,3
102,IGHV4-61*01,5
7,IGHV4-34*01,1
121,IGHV4-34*01,2
204,IGHV3-NL1*01,10
225,IGHV3-7*03,2
174,IGHV3-15*01,2
84,IGHV3-7*03,7
55,IGHV1-2*02,2
143,IGHV4-34*01,1
47,IGHV1-2*02,1
168,IGHV4-34*09,2
235,IGHV3-43*02,1
144,IGHV3-21*01,9
225,IGHV3-30*03,8
103,IGHV1-2*02,29
78,IGHV4-61*02,2
212,IGHV4-31*03,1
47,IGHV4-39*01,12
84,IGHV4-34*01,2
231,IGHV1-18*04,4
55,IGHV4-39*01,1
6,IGHV3-NL1*01,1
103,IGHV1-46*01,2
153,IGHV4-39*01,3
116,IGHV4-61*02,1
144,IGHV3-20*01,4
167,IGHV3-48*03,1
240,IGHV4-39*01+G281C,4
198,IGHV4-34*09,2
187,IGHV3-48*03,1
186,IGHV4-59*08,5
35,IGHV4-61*01,1
238,IGHV1-69*04+G278T,1
208,IGHV1-24*01,1
135,IGHV1-2*02,3
138,IGHV3-23*04,4
95,IGHV4-59*08,5
277,IGHV4-39*01,1
70,IGHV1-69*04,5
256,IGHV3-23*04,1
86,IGHV1-69*04+G278T,23
268,IGHV1-69*04+G278T,1
95,IGHV1-69*04,4
160,IGHV3-48*03,1
203,IGHV4-61*01,1
90,IGHV1-2*02,2
97,IGHV4-31*03,3
42,IGHV4-31*03,2
258,IGHV3-66*03,1
78,IGHV3-49*04,3
80,IGHV3-21*01,10
133,IGHV1-46*01,1
112,IGHV3-7*03,1
54,IGHV1-18*04+G278A,3
155,IGHV3-49*04,1
188,IGHV4-61*02,2
253,IGHV4-31*03,1
210,IGHV3-66*01,4
226,IGHV3-15*01,1
189,IGHV6-1*01,1
35,IGHV1-18*04,5
73,IGHV4-61*01,1
94,IGHV4-61*01,1
6,IGHV3-66*01,1
72,IGHV1-69*04+G278T,1
152,IGHV4-61*02,3
197,IGHV3-23*04,8
85,IGHV3-30*03,7
87,IGHV3-7*03,11
170,IGHV1-2*02,6
96,IGHV1-2*02,4
86,IGHV3-74*01,2
46,IGHV5-51*01,1
207,IGHV5-51*01,2
46,IGHV4-30-2*05,2
53,IGHV1-69*04+G278T,10
81,IGHV3-43*02,10
205,IGHV1-24*01,1
29,IGHV4-39*01+G281C,1
19,IGHV4-61*02,1
173,IGHV1-24*01,1
167,IGHV4-4*07,1
231,IGHV1-46*01,1
210,IGHV3-48*01,1
123,IGHV4-34*01,2
128,IGHV1-2*02,1
131,IGHV3-48*03,1
148,IGHV3-48*01,1
189,IGHV1-2*02,14
96,IGHV3-23*04,1
14,IGHV4-61*02,2
252,IGHV4-59*08,8
69,IGHV3-7*03,2
175,IGHV5-51*01,2
27,IGHV1-69-2*01,1
95,IGHV4-31*03,3
158,IGHV4-34*01,1
212,IGHV4-61*01,1
240,IGHV3-48*01,1
171,IGHV3-43*02,2
130,IGHV4-39*01,9
159,IGHV3-49*04,2
206,IGHV3-49*04,1
261,IGHV4-59*08,3
147,IGHV1-2*02,4
185,IGHV3-49*04,1
26,IGHV3-23*04,2
4,IGHV3-21*01,1
14,IGHV3-48*03,1
12,IGHV1-18*04+G278A,1
234,IGHV3-21*01,2
168,IGHV4-59*08,4
199,IGHV4-34*09,1
248,IGHV1-18*04+G278A,1
27,IGHV4-39*01,4
122,IGHV3-30*03,13
39,IGHV4-39*01+G281C,2
145,IGHV4-39*01,2
1,IGHV3-7*03,20
104,IGHV1-18*04+G278A,2
155,IGHV3-43*02,9
41,IGHV4-31*03,2
52,IGHV5-10-1*01,1
47,IGHV4-59*08,30
53,IGHV4-39*01+G281C,1
150,IGHV3-21*01,1
126,IGHV4-59*10,2
211,IGHV3-21*01,1
169,IGHV3-49*04,7
119,IGHV3-21*01,1
176,IGHV1-24*01,1
67,IGHV3-15*01,2
256,IGHV4-34*09,1
93,IGHV3-21*01,1
102,IGHV4-31*03,5
176,IGHV3-30*03,2
59,IGHV3-23*04,2
206,IGHV1-2*02,1
184,IGHV4-30-2*05,1
105,IGHV4-34*01,1
222,IGHV3-64*04,8
94,IGHV1-69*04+G278T,10
232,IGHV3-64*04,1
65,IGHV4-39*01,2
0,IGHV3-15*01,9
183,IGHV3-49*04,1
251,IGHV3-73*01,1
2,IGHV4-31*03,3
164,IGHV3-66*01,1
242,IGHV4-59*08,2
208,IGHV3-30*03,6
234,IGHV4-34*09,1
249,IGHV4-59*08,5
124,IGHV4-59*08,22
6,IGHV1-69*04+G278T,2
233,IGHV3-66*01,1
218,IGHV4-61*01,1
96,IGHV3-30*03,6
74,IGHV5-10-1*01,1
39,IGHV3-15*01,5
134,IGHV3-7*03,3
225,IGHV3-48*01,1
233,IGHV3-7*03,1
118,IGHV3-23*04,1
